position	old_oid	new_oid	old_parent	new_parent	old_tree	new_tree	old_patch_id	new_patch_id	proof
1	61e89fdf915f62e97a32df21385ee151a05690e6	be38db284e3b57eadbc906d92a4533a9e22cdb6b	4e8a9b2c107a88abbf6d49fdaefdbeeb504fc0e5	4a9f681e404fe9e68dfc3e8c769a1000a0851214	e33f1aace5bd46ec2fd98e7fa739f3d508ea8e16	e33f1aace5bd46ec2fd98e7fa739f3d508ea8e16	768300a24b9545c3fc76a43e90f7f4b21f1eba1b	768300a24b9545c3fc76a43e90f7f4b21f1eba1b	split-combined-equivalent;isolation=4a9f681e404fe9e68dfc3e8c769a1000a0851214
2	5bf659564c6237532013c83227588f361fe1cbac	191209cb91a84f255b9c80edacebd5cab46866c8	61e89fdf915f62e97a32df21385ee151a05690e6	be38db284e3b57eadbc906d92a4533a9e22cdb6b	575c9bec2967cf7e247f5bbba6cece45e5838fb1	575c9bec2967cf7e247f5bbba6cece45e5838fb1	bc8ee58caf04cd93c1c0853f3f5e5f0bdf47310f	bc8ee58caf04cd93c1c0853f3f5e5f0bdf47310f	tree-patch-metadata-equivalent
3	059c7b1c6fabd1fcc0be8fd1da984114bb178ca8	825c6e385cfae43b06ea0f323f5ab0450ccfcd93	5bf659564c6237532013c83227588f361fe1cbac	191209cb91a84f255b9c80edacebd5cab46866c8	a686ed68530cd73456a9f99f70c93fd1dd52c12e	a686ed68530cd73456a9f99f70c93fd1dd52c12e	b60e3e60560545cfc28d3a281665dd408bede4b7	b60e3e60560545cfc28d3a281665dd408bede4b7	tree-patch-metadata-equivalent
4	e2e66a7dd2fc2bc986b35fe921bce91b80ce750d	53e599208bf612ab767a3bb2ae33f364649e7260	059c7b1c6fabd1fcc0be8fd1da984114bb178ca8	825c6e385cfae43b06ea0f323f5ab0450ccfcd93	68a3015183ca5bb295b8f5f59735e430dc368fd0	68a3015183ca5bb295b8f5f59735e430dc368fd0	f43ad4be23a2c246a1122178902d5cd34ffbf555	f43ad4be23a2c246a1122178902d5cd34ffbf555	tree-patch-metadata-equivalent
5	5f6a39f7adf231fce9ec09852d3d57bcdd0a47b4	53e335d7adfdc1f1905d42e50d4678c55cafb886	e2e66a7dd2fc2bc986b35fe921bce91b80ce750d	53e599208bf612ab767a3bb2ae33f364649e7260	b9dcb0969cb319579822195311f2e66f064da5f8	b9dcb0969cb319579822195311f2e66f064da5f8	2bdefafeda27de142aa89f3f549cfa5249feebae	2bdefafeda27de142aa89f3f549cfa5249feebae	tree-patch-metadata-equivalent
6	4c127aba4e74fb6f8d486c4cb066586bb0d74846	ede255ae36abd9e37573969686e44b7bd4467638	5f6a39f7adf231fce9ec09852d3d57bcdd0a47b4	53e335d7adfdc1f1905d42e50d4678c55cafb886	b0d2362f55af1850c997c76ba15191f3e746412e	b0d2362f55af1850c997c76ba15191f3e746412e	534cd1ec2dbe6da31f9a6db2b26ae6f48ea0c90f	534cd1ec2dbe6da31f9a6db2b26ae6f48ea0c90f	tree-patch-metadata-equivalent
7	af0bd4f2b6e1fdf0f9fa1589c002f20d99929230	c7ad4acfacea69f883b69220f35b50ad91c1b42b	4c127aba4e74fb6f8d486c4cb066586bb0d74846	ede255ae36abd9e37573969686e44b7bd4467638	6d8e97a207ba5a04cc3c003f1add3b40710670f9	6d8e97a207ba5a04cc3c003f1add3b40710670f9	21bdadb43b9d95400657ac72ca8c12ee52906c12	21bdadb43b9d95400657ac72ca8c12ee52906c12	tree-patch-metadata-equivalent
8	e3d7d2ff450f25438a2ee7695a447799a5e6f103	6db8939babbd30e8709e9ddd12b6e8ffdbf2c7f0	af0bd4f2b6e1fdf0f9fa1589c002f20d99929230	c7ad4acfacea69f883b69220f35b50ad91c1b42b	83d266fd44cf8b27fc409b38e16ac591c90e23fd	83d266fd44cf8b27fc409b38e16ac591c90e23fd	552932bd6e459d77898e10fdefa383593f7db0fb	552932bd6e459d77898e10fdefa383593f7db0fb	tree-patch-metadata-equivalent
9	1a1159d474393b4210bce1c88465d2a337605bda	1b90df0885f824026423cdcfaeef844f74ec4e20	e3d7d2ff450f25438a2ee7695a447799a5e6f103	6db8939babbd30e8709e9ddd12b6e8ffdbf2c7f0	a30080a176acee66943a99364a9dc29b419da22d	a30080a176acee66943a99364a9dc29b419da22d	7632618dfb07e09497bef50fb1e50cc8ebef387a	7632618dfb07e09497bef50fb1e50cc8ebef387a	tree-patch-metadata-equivalent
10	3a08eab85efe6e5c10a2c14aeba8946567fd177e	6fcae261231fd81e2d857e7f2ea7e5595f517cba	1a1159d474393b4210bce1c88465d2a337605bda	1b90df0885f824026423cdcfaeef844f74ec4e20	7e742ae5a29066240186d112dcb8afe1b95b3b39	7e742ae5a29066240186d112dcb8afe1b95b3b39	af5d8add99870dcfb378c6bd2ee4a1b7ac2ef275	af5d8add99870dcfb378c6bd2ee4a1b7ac2ef275	tree-patch-metadata-equivalent
11	4596b5bd4e9b38e5717dfbb130610b78d59de546	0f80fc1b1b7951f000438ab1ac03b1265924b028	3a08eab85efe6e5c10a2c14aeba8946567fd177e	6fcae261231fd81e2d857e7f2ea7e5595f517cba	5be6c4b24fa3ad1e3d19fca34b3def33992d3c0a	5be6c4b24fa3ad1e3d19fca34b3def33992d3c0a	412a2d6292df0ab8d8a25b80a48f7bfa9416210e	412a2d6292df0ab8d8a25b80a48f7bfa9416210e	tree-patch-metadata-equivalent
12	058b120b1058b5d9a0a29dfba804a9b0f41550c9	3dac05720a244090373f620a54aa12bde5d780c3	4596b5bd4e9b38e5717dfbb130610b78d59de546	0f80fc1b1b7951f000438ab1ac03b1265924b028	b5129076d1fd514b36e3176a8e452b26b0146178	b5129076d1fd514b36e3176a8e452b26b0146178	eca637858752b1c94b7c30be17254506ef93e863	eca637858752b1c94b7c30be17254506ef93e863	tree-patch-metadata-equivalent
13	02bc42c4c903ede5f90557bb28c82a1dcdf227c5	74d3d1555aa6398d4e961a23f031bd2206912486	058b120b1058b5d9a0a29dfba804a9b0f41550c9	3dac05720a244090373f620a54aa12bde5d780c3	e18944c789b7eb267f13836785758a9a6795012a	e18944c789b7eb267f13836785758a9a6795012a	f00018a837983e56423e67bf12136a4ba7db3f7d	f00018a837983e56423e67bf12136a4ba7db3f7d	tree-patch-metadata-equivalent
14	97573287136a694602d8e3845675777bc68b87a4	62ccd4d0a8e2250c5e47a23e085690c566db4597	02bc42c4c903ede5f90557bb28c82a1dcdf227c5	74d3d1555aa6398d4e961a23f031bd2206912486	6ab80ee8c5dfbca988c8d33ccb9a1f6740d7fe31	6ab80ee8c5dfbca988c8d33ccb9a1f6740d7fe31	74752da1133f8bb49c1133f1c0eb2c4f32d741ac	74752da1133f8bb49c1133f1c0eb2c4f32d741ac	tree-patch-metadata-equivalent
15	65abbf04e261bb8864cc86d2317f47b14cd3e663	adb43974ab53749db9dcd2a44530d5e3059872b8	97573287136a694602d8e3845675777bc68b87a4	62ccd4d0a8e2250c5e47a23e085690c566db4597	19d6e60e68a65512be0d68119b316b469656e0af	19d6e60e68a65512be0d68119b316b469656e0af	9ab49d9ddbd33f63f424b65017e6acce1d25024b	9ab49d9ddbd33f63f424b65017e6acce1d25024b	tree-patch-metadata-equivalent
16	c95daa618f100bb0519e0fe34eca800eff5a844a	9196d2a0db821065abbe9813f30063dd40b59b91	65abbf04e261bb8864cc86d2317f47b14cd3e663	adb43974ab53749db9dcd2a44530d5e3059872b8	00270ff0841586e72453961802469672cf1ca786	00270ff0841586e72453961802469672cf1ca786	8f513a05b03e702e9a10402bc68ab17cbe391030	8f513a05b03e702e9a10402bc68ab17cbe391030	tree-patch-metadata-equivalent
17	ac544cabff3dde7b16af7d3b8f37fe6e796f17ac	6359a4440c613645ddd43dd4b35a7684470f7889	c95daa618f100bb0519e0fe34eca800eff5a844a	9196d2a0db821065abbe9813f30063dd40b59b91	897ed1ca179328261bd5ed00eee1468dce697972	897ed1ca179328261bd5ed00eee1468dce697972	bd39cc89e704d79c420a7b78a0ea96e73859c6ad	bd39cc89e704d79c420a7b78a0ea96e73859c6ad	tree-patch-metadata-equivalent
18	dff08acacb8c1be2071444765200b0081ae1e9f3	b9e9468eff73f0b51bfd85194fe0a313aa987020	ac544cabff3dde7b16af7d3b8f37fe6e796f17ac	6359a4440c613645ddd43dd4b35a7684470f7889	a7322689e9bf445e59a41836ee46aece8da54201	a7322689e9bf445e59a41836ee46aece8da54201	dcf944b763ae37c0b4d93c59fd323f28c94aa0e6	dcf944b763ae37c0b4d93c59fd323f28c94aa0e6	tree-patch-metadata-equivalent
19	325447f06707bea355da0ff865a3b619e0517e7a	fc8288a0c579e7d8e29d15cc09ec3f13e9d74cdc	dff08acacb8c1be2071444765200b0081ae1e9f3	b9e9468eff73f0b51bfd85194fe0a313aa987020	9d10a9835d31b2bf599bb6197e98bec105915f73	9d10a9835d31b2bf599bb6197e98bec105915f73	9c419d7385a5da44cb2e37eec83f97a576ca3616	9c419d7385a5da44cb2e37eec83f97a576ca3616	tree-patch-metadata-equivalent
20	ecc2892f8ce97ffaea96674c2bc417bf087fa5f9	4268b8d3906768ff881e5f19b687c37238cdb6ca	325447f06707bea355da0ff865a3b619e0517e7a	fc8288a0c579e7d8e29d15cc09ec3f13e9d74cdc	7ef85f78977d567e985acc7ad1da6214aeeddee3	7ef85f78977d567e985acc7ad1da6214aeeddee3	44fa64e96e0df25374b01ecdc352a063eab2fb55	44fa64e96e0df25374b01ecdc352a063eab2fb55	tree-patch-metadata-equivalent
21	b2ed966e6b3b7fdb84d7fdc7553524e52404edd6	74c6d3008a954685c459dcb832e8d6ca1f8e8b32	ecc2892f8ce97ffaea96674c2bc417bf087fa5f9	4268b8d3906768ff881e5f19b687c37238cdb6ca	8e91793decb13990718b1476ff54850f9fff1814	8e91793decb13990718b1476ff54850f9fff1814	f0adfdb8b65338cf223b92597546a06bedba3d2b	f0adfdb8b65338cf223b92597546a06bedba3d2b	tree-patch-metadata-equivalent
22	fe4b31c66c41269e84088cf00cab1d0da8309930	b34380603d5a280b7a677a618457ca5479cec741	b2ed966e6b3b7fdb84d7fdc7553524e52404edd6	74c6d3008a954685c459dcb832e8d6ca1f8e8b32	1e735b72bb0d869c598bc62b298e4275d186fb34	1e735b72bb0d869c598bc62b298e4275d186fb34	232ee684cf82f3939cedc71ee61bf8c1aa0f8536	232ee684cf82f3939cedc71ee61bf8c1aa0f8536	tree-patch-metadata-equivalent
23	5ec63ef3cc234560db6faf852566103332f0dd7c	9c02714a0ec779e15bc22d04d8d4671c6872ec61	fe4b31c66c41269e84088cf00cab1d0da8309930	b34380603d5a280b7a677a618457ca5479cec741	e6763b391089da140389bf6fce6f87f3ae1d53b4	e6763b391089da140389bf6fce6f87f3ae1d53b4	0ef3682ec9ef07edf11f4897b480e226ed0f3ef8	0ef3682ec9ef07edf11f4897b480e226ed0f3ef8	tree-patch-metadata-equivalent
24	e45430295a83399c571087aa3afa4ab41de5b5f4	5e0ea89a729c5fc0f5fbb904574e6e6c09a098d2	5ec63ef3cc234560db6faf852566103332f0dd7c	9c02714a0ec779e15bc22d04d8d4671c6872ec61	c8c6bdf5b0ca81c0a13d62ce7805ebd59f224634	c8c6bdf5b0ca81c0a13d62ce7805ebd59f224634	658d122cef74500a4e1888a8fc658510cb4a631b	658d122cef74500a4e1888a8fc658510cb4a631b	tree-patch-metadata-equivalent
25	cb6b2e14da57da7723437d5c7e8ed8d751d86bec	55c4484207fb953cceac46a67737b7b565de33a2	e45430295a83399c571087aa3afa4ab41de5b5f4	5e0ea89a729c5fc0f5fbb904574e6e6c09a098d2	ec0292f0d719ef28523aaec2aa6ed88c5723efbd	ec0292f0d719ef28523aaec2aa6ed88c5723efbd	36aa02c9e918d6d29b93306a7fc475c933b16099	36aa02c9e918d6d29b93306a7fc475c933b16099	tree-patch-metadata-equivalent
26	42c8c2d65c7f7bf07667949dba0ceab47d71eba5	75fc070ec507831f332d21a656b05e018cbf446d	cb6b2e14da57da7723437d5c7e8ed8d751d86bec	55c4484207fb953cceac46a67737b7b565de33a2	5bb71f27ea4b58f090bd464df0590c5db8d4f3e1	5bb71f27ea4b58f090bd464df0590c5db8d4f3e1	cf0603bffa66825bc63d4b6bbc24bf564131c1ea	cf0603bffa66825bc63d4b6bbc24bf564131c1ea	tree-patch-metadata-equivalent
27	af32bb18575ac64ffe321e2e3830fb03fb92a567	d6368c79bc1778a913fd723702978b4f8842e008	42c8c2d65c7f7bf07667949dba0ceab47d71eba5	75fc070ec507831f332d21a656b05e018cbf446d	244efd8d587cf0f7c250dfb06b581de857d34110	244efd8d587cf0f7c250dfb06b581de857d34110	ad0e4bf0031c0e3763111235b3461e9ec04264ad	ad0e4bf0031c0e3763111235b3461e9ec04264ad	tree-patch-metadata-equivalent
28	6d501c83aac35cd74039834c05530333db6ccfb0	4f8fb54b3becb3b71bcf3dfa3e2cee29e548e15b	af32bb18575ac64ffe321e2e3830fb03fb92a567	d6368c79bc1778a913fd723702978b4f8842e008	93a625c2aedf52c3e2b93d8f728c3eaaa25c3471	93a625c2aedf52c3e2b93d8f728c3eaaa25c3471	140e0e97a94f7e18eee2e290117a372f78dcfeec	140e0e97a94f7e18eee2e290117a372f78dcfeec	tree-patch-metadata-equivalent
29	92c14a815c600501a47619cb00c81b7440d286d9	90b26dec6cc92c1ceb0faae04a3ad108c70c5ccd	6d501c83aac35cd74039834c05530333db6ccfb0	4f8fb54b3becb3b71bcf3dfa3e2cee29e548e15b	1b71328b9e692a5596c0fc98004c9be83841ba31	1b71328b9e692a5596c0fc98004c9be83841ba31	b3989f35c01951259c92ad9ca9308c32e7466a66	b3989f35c01951259c92ad9ca9308c32e7466a66	tree-patch-metadata-equivalent
30	f5f0b83dd17a86574abdfcf23cac2f459b1ccf13	6240c6c580fa419b180e1c1330cf4a21c9f3f6e4	92c14a815c600501a47619cb00c81b7440d286d9	90b26dec6cc92c1ceb0faae04a3ad108c70c5ccd	54505b7f09a4d84247ee4623b63892b225653e89	54505b7f09a4d84247ee4623b63892b225653e89	654ecf8ad91731dd63ca7f83d7bda1d8cf4a69f7	654ecf8ad91731dd63ca7f83d7bda1d8cf4a69f7	tree-patch-metadata-equivalent
31	85aedbf604d417c793fcbe8a4406581842cf452c	4c6f5d58064ea2481bb677ef7852e35f9a05a176	f5f0b83dd17a86574abdfcf23cac2f459b1ccf13	6240c6c580fa419b180e1c1330cf4a21c9f3f6e4	f151b1f47186ff5bfe8c1d60dde5cde09a9187ba	f151b1f47186ff5bfe8c1d60dde5cde09a9187ba	2bcd7b7797771022730a266ef5f599a617869651	2bcd7b7797771022730a266ef5f599a617869651	tree-patch-metadata-equivalent
32	4a2cd7fc913ed233654013f8db89643d3947ea6c	69a365fda062da4ef0974ba898cecbafae568fd3	85aedbf604d417c793fcbe8a4406581842cf452c	4c6f5d58064ea2481bb677ef7852e35f9a05a176	fa0598d0104dcfd69a639b92b62fa46c06f7bba8	fa0598d0104dcfd69a639b92b62fa46c06f7bba8	09ca8296997617f970d5c5e0ced3ef891f8e56e0	09ca8296997617f970d5c5e0ced3ef891f8e56e0	tree-patch-metadata-equivalent
33	5506dc6516161d96658928cadafe5e331a156628	01fbcac70c3d3494968a7e792ef148033904ce56	4a2cd7fc913ed233654013f8db89643d3947ea6c	69a365fda062da4ef0974ba898cecbafae568fd3	cc66e3c4d8bd3bab11d825cb969a42acb092d034	cc66e3c4d8bd3bab11d825cb969a42acb092d034	fda039826c6b71890181027833a2467677311b58	fda039826c6b71890181027833a2467677311b58	tree-patch-metadata-equivalent
34	b396a6220c9be7c947a9970ab5a576cba444025f	b5c9a38061e8daa7f7bd8ea1214d6de2ae508c20	5506dc6516161d96658928cadafe5e331a156628	01fbcac70c3d3494968a7e792ef148033904ce56	3c1b6b183bc3606cfab497dbab5982fb66af8025	3c1b6b183bc3606cfab497dbab5982fb66af8025	1635e41c3243284ef6af4ad03147d01d57b0c87b	1635e41c3243284ef6af4ad03147d01d57b0c87b	tree-patch-metadata-equivalent
35	c58013d0c26836845c9eaacb046d32b14d1b0052	62f0dbb9a113e46de9e7bad9ad31535029708dcf	b396a6220c9be7c947a9970ab5a576cba444025f	b5c9a38061e8daa7f7bd8ea1214d6de2ae508c20	56bcbc2903cb1cd70d7ac0d8cb70f14c05be6e12	56bcbc2903cb1cd70d7ac0d8cb70f14c05be6e12	d60f4a0b49470b156ce92a6dc1901d303cba1726	d60f4a0b49470b156ce92a6dc1901d303cba1726	tree-patch-metadata-equivalent
36	7052d1e59c3afec47ea67bf76e0ee53ae6074c38	e5e422d898fd490a23611d9bab72b9d956dbc977	c58013d0c26836845c9eaacb046d32b14d1b0052	62f0dbb9a113e46de9e7bad9ad31535029708dcf	073ab264ee324f50eb37b53c6bb5ffdb1e643efd	073ab264ee324f50eb37b53c6bb5ffdb1e643efd	71df0fe748f5c8e802304d788952836a6c2f335e	71df0fe748f5c8e802304d788952836a6c2f335e	tree-patch-metadata-equivalent
37	7ba77177a239c340b26c994ad5f7791300d1c1b2	901ae0a085ec4daf9d3b4f7335669e31fe43e4c6	7052d1e59c3afec47ea67bf76e0ee53ae6074c38	e5e422d898fd490a23611d9bab72b9d956dbc977	836d9e81e2f72d5e0ca07e1edfe6e1ae761700fe	836d9e81e2f72d5e0ca07e1edfe6e1ae761700fe	c7d88339135cda439dee119777e97db4e23ed2e4	c7d88339135cda439dee119777e97db4e23ed2e4	tree-patch-metadata-equivalent
38	e7ffea45f7e985cd3377657de60ea072415a24c4	97ac9e828b76cb3e50eabc41d83d01ecc6c4dfbd	7ba77177a239c340b26c994ad5f7791300d1c1b2	901ae0a085ec4daf9d3b4f7335669e31fe43e4c6	444dcf6ae9761b7466b64d653794acdcefc03557	444dcf6ae9761b7466b64d653794acdcefc03557	99319e161ab30875d5575794e3c2a34dd7c8e4ab	99319e161ab30875d5575794e3c2a34dd7c8e4ab	tree-patch-metadata-equivalent
39	5f730fcf0fb931c603de090fd6c86ca0cfe42cce	0927b4958860f71ef70988c760fc0f17159f8e36	e7ffea45f7e985cd3377657de60ea072415a24c4	97ac9e828b76cb3e50eabc41d83d01ecc6c4dfbd	13fe1b6186cf3ee94ed8e06f74cdd29d7254a51c	13fe1b6186cf3ee94ed8e06f74cdd29d7254a51c	1c2b11c285d477750f64086281f80b3b8c8c9f4a	1c2b11c285d477750f64086281f80b3b8c8c9f4a	tree-patch-metadata-equivalent
40	5945da3ae48f23cb64e037b0bd08834f7e46bfe3	9e89ae2f14114dd5bb91652a6b683357e57edf56	5f730fcf0fb931c603de090fd6c86ca0cfe42cce	0927b4958860f71ef70988c760fc0f17159f8e36	ed744d71e08f916bc41020f4b07bf7b316b1ecae	ed744d71e08f916bc41020f4b07bf7b316b1ecae	8ed346a3558509a16ecfdea88477fd9f76e52200	8ed346a3558509a16ecfdea88477fd9f76e52200	tree-patch-metadata-equivalent
41	8fe3c6e90e1988bf223f81a9c2a516e93a237a6a	68b3c2ccd3460adbc55dfa3951bbc000f15fd663	5945da3ae48f23cb64e037b0bd08834f7e46bfe3	9e89ae2f14114dd5bb91652a6b683357e57edf56	ad47b3c20876c6bb47d1fbf75bf8519d4fac4201	ad47b3c20876c6bb47d1fbf75bf8519d4fac4201	741eef921e177374784ec91a967d56739bea9421	741eef921e177374784ec91a967d56739bea9421	tree-patch-metadata-equivalent
42	f095dd582d37ea198160004da287bf3f4ec834ae	6e0ca2bf7aca42c2e8cc988fc36ee9b2ed2235ca	8fe3c6e90e1988bf223f81a9c2a516e93a237a6a	68b3c2ccd3460adbc55dfa3951bbc000f15fd663	c545feef9b0c5395949e6c006c38ed13561f6942	c545feef9b0c5395949e6c006c38ed13561f6942	a0ebd2ea53fad5563047714228940ddba8fde1ff	a0ebd2ea53fad5563047714228940ddba8fde1ff	tree-patch-metadata-equivalent
43	71ebecc327adab0fe96adc183e42e38909eca126	37e7334f19c0dbfad1c0309f08a2502078e0e39e	f095dd582d37ea198160004da287bf3f4ec834ae	6e0ca2bf7aca42c2e8cc988fc36ee9b2ed2235ca	6e1858df7dc9314b961b9564d752bf9807905cfc	6e1858df7dc9314b961b9564d752bf9807905cfc	605e1147f1a7dc6d075b2bc9e68d4ebd68605fa4	605e1147f1a7dc6d075b2bc9e68d4ebd68605fa4	tree-patch-metadata-equivalent
44	7b947db19e11c4f56ad3193f875c915a766bacd8	c93e415cfe0e3316189ea9b153b7cfd93e30743b	71ebecc327adab0fe96adc183e42e38909eca126	37e7334f19c0dbfad1c0309f08a2502078e0e39e	8d517bf178d9b06c99e75cf92532b1428817f318	8d517bf178d9b06c99e75cf92532b1428817f318	853d739c8de568a55a0304e91a68f8dc298dafbb	853d739c8de568a55a0304e91a68f8dc298dafbb	tree-patch-metadata-equivalent
45	532b58b68b2b1c129bb37047911b6f5b632a14d6	75fa594f527ac0e84f046313219e6122f14d7486	7b947db19e11c4f56ad3193f875c915a766bacd8	c93e415cfe0e3316189ea9b153b7cfd93e30743b	c74a9e628c913fc2e42aa98596ba3e93498e36d7	c74a9e628c913fc2e42aa98596ba3e93498e36d7	12e2fbd082e86063cc8f26c5c644cc19a9334afb	12e2fbd082e86063cc8f26c5c644cc19a9334afb	tree-patch-metadata-equivalent
46	7c6abbc386454aeec6ad8565c1b055b44ae273a4	7e3b90769def40191b2b400eb194e76b1bf7e57b	532b58b68b2b1c129bb37047911b6f5b632a14d6	75fa594f527ac0e84f046313219e6122f14d7486	61264df4ff1382d54bb648dc0358fb460fc971bc	61264df4ff1382d54bb648dc0358fb460fc971bc	118fa362b05284f22569ab5e398717536e8fb665	118fa362b05284f22569ab5e398717536e8fb665	tree-patch-metadata-equivalent
47	0d52b871c8117807a2c4a08360dad15ba2cc3135	a37da0ca1743c928b817dec01b44da434c55883a	7c6abbc386454aeec6ad8565c1b055b44ae273a4	7e3b90769def40191b2b400eb194e76b1bf7e57b	f7d417af756875827b8a52f41a4c4b572f04b542	f7d417af756875827b8a52f41a4c4b572f04b542	16ae66f0760262a1021a034aee3a9ae4484a4767	16ae66f0760262a1021a034aee3a9ae4484a4767	tree-patch-metadata-equivalent
48	6e93f5c83547fd9e4ee3110b68d6e64d89cb576d	37b74d698462d48b3af1f4597fe40477418da9b4	0d52b871c8117807a2c4a08360dad15ba2cc3135	a37da0ca1743c928b817dec01b44da434c55883a	fbd94a14872778a1c1128de024f22c253f39c66e	fbd94a14872778a1c1128de024f22c253f39c66e	95af5255188ba2b83a131c52ca51e0a280b4727d	95af5255188ba2b83a131c52ca51e0a280b4727d	tree-patch-metadata-equivalent
49	8eee9bbbaabca2c55bd9d2a3475c9ba1853be2cc	3ed16cb4b26d2f8753c96f6b06c8aa186345c16d	6e93f5c83547fd9e4ee3110b68d6e64d89cb576d	37b74d698462d48b3af1f4597fe40477418da9b4	d374c1527ae14ade8909c8269f07a065e37b7e12	d374c1527ae14ade8909c8269f07a065e37b7e12	cc9dd57ceb0fd3e651db3b2c7f181b73798b8946	cc9dd57ceb0fd3e651db3b2c7f181b73798b8946	tree-patch-metadata-equivalent
50	62919051f1d49ea7b6c385b58954fe5f124f6d1c	76c96d8577a51cfef3b5004263d76fa2fcd0c46a	8eee9bbbaabca2c55bd9d2a3475c9ba1853be2cc	3ed16cb4b26d2f8753c96f6b06c8aa186345c16d	15958c9e5e17245cd4bc91b4a57dd2dea0bae552	15958c9e5e17245cd4bc91b4a57dd2dea0bae552	f9c9f9c4dfe475829de16615b09e4a0d2fdfc03f	f9c9f9c4dfe475829de16615b09e4a0d2fdfc03f	tree-patch-metadata-equivalent
51	f9beb4cb1c237a9190e71b18195d7161f8921c0a	bc08d96aea3e53b657ac33899e5244db1fb9fe85	62919051f1d49ea7b6c385b58954fe5f124f6d1c	76c96d8577a51cfef3b5004263d76fa2fcd0c46a	ea299d4f420f474ddb17351671860f61bd6a4c8e	ea299d4f420f474ddb17351671860f61bd6a4c8e	30c9cb72562e890ea25c541c265e857745e68002	30c9cb72562e890ea25c541c265e857745e68002	tree-patch-metadata-equivalent
52	c6d5fcd8d5326bf3fcb689f4db623792be426e51	ccbc849564aa395b669ddffc99f282b9cf745c94	f9beb4cb1c237a9190e71b18195d7161f8921c0a	bc08d96aea3e53b657ac33899e5244db1fb9fe85	b6a047290717cb6d9226227cf37e3871d415a343	b6a047290717cb6d9226227cf37e3871d415a343	dda75639934eab8c3c6ade8c69d69ce514462758	dda75639934eab8c3c6ade8c69d69ce514462758	tree-patch-metadata-equivalent
53	7e064bbb3120c6a25bc866f2c7f3f37441646558	40b6ea9a73c696a6f82eaadd6156cf02d1290542	c6d5fcd8d5326bf3fcb689f4db623792be426e51	ccbc849564aa395b669ddffc99f282b9cf745c94	32c1a8031eac67bf462a03ab7a09248fdc7534eb	32c1a8031eac67bf462a03ab7a09248fdc7534eb	77b4fb4cb74da48c964ad197dae2ed406d63f9b1	77b4fb4cb74da48c964ad197dae2ed406d63f9b1	tree-patch-metadata-equivalent
54	f29c4d6300d709369bb8bba656ec65dfd9b899dd	84a0db5888df2faeefab1a2ef091bd1a23057c2c	7e064bbb3120c6a25bc866f2c7f3f37441646558	40b6ea9a73c696a6f82eaadd6156cf02d1290542	6ce1dbbc354c4695d2660146355c67fdd6b3e675	6ce1dbbc354c4695d2660146355c67fdd6b3e675	d32e48f02d0bc38896f022b90f8dd1e28f1eb6a6	d32e48f02d0bc38896f022b90f8dd1e28f1eb6a6	tree-patch-metadata-equivalent
55	6b613db8560d81ddb8ab831468fde6da75518a77	87f47ca2204ae57189f62b1a8ea8091fe687ffa8	f29c4d6300d709369bb8bba656ec65dfd9b899dd	84a0db5888df2faeefab1a2ef091bd1a23057c2c	195964ad1130c3882b878b807c87206fb7d00429	195964ad1130c3882b878b807c87206fb7d00429	159f8ae854ec8022b4c7cb2a82c11c7be491146f	159f8ae854ec8022b4c7cb2a82c11c7be491146f	tree-patch-metadata-equivalent
56	6b809fd4bbfc1fbfdc3430b6b3138118a4bcdbd8	063326b902550565c643117565f0e25ca9dc853f	6b613db8560d81ddb8ab831468fde6da75518a77	87f47ca2204ae57189f62b1a8ea8091fe687ffa8	ea2a52af9c8e59403130ce627c74b02611daebd9	ea2a52af9c8e59403130ce627c74b02611daebd9	34f7219267226d0c108d05993fca0caf5ce91c42	34f7219267226d0c108d05993fca0caf5ce91c42	tree-patch-metadata-equivalent
57	b655c20d48f1e29a4158987e5a749b2d66dc08d1	3f4f6b66c93a09f7cec2523cfb8c61ff4a29db0c	6b809fd4bbfc1fbfdc3430b6b3138118a4bcdbd8	063326b902550565c643117565f0e25ca9dc853f	32758577dd3e4b4df58328d34001e3db579b67de	32758577dd3e4b4df58328d34001e3db579b67de	ba07c64bd062dbdc71f2ce0b34eb8029cdfe0730	ba07c64bd062dbdc71f2ce0b34eb8029cdfe0730	tree-patch-metadata-equivalent
58	8e132145c110d84c31742d0051699631248c4c45	d30468d1226442cbd9f1d0fa559fb3472d165ce9	b655c20d48f1e29a4158987e5a749b2d66dc08d1	3f4f6b66c93a09f7cec2523cfb8c61ff4a29db0c	310d98f95a8d71b845e40cba1bd6e61e209efe11	310d98f95a8d71b845e40cba1bd6e61e209efe11	288b64f3b7e600d695a92a98d9f5e9691e3a4b5e	288b64f3b7e600d695a92a98d9f5e9691e3a4b5e	tree-patch-metadata-equivalent
59	918516c2db0e0817dad2039829470a3d37c24e1e	8f236aad7ededecd56cff64822fc1cfcaafccc64	8e132145c110d84c31742d0051699631248c4c45	d30468d1226442cbd9f1d0fa559fb3472d165ce9	4d711ad80122696279385393b2b885bc36119ab4	4d711ad80122696279385393b2b885bc36119ab4	7b1d47c8a519a025f1bc99f30e26067894ee3ffb	7b1d47c8a519a025f1bc99f30e26067894ee3ffb	tree-patch-metadata-equivalent
60	267609bc1537a816f4066609de1b2a17a26da98a	4172a6823d6c550021d9c8d32c228ce7abf91155	918516c2db0e0817dad2039829470a3d37c24e1e	8f236aad7ededecd56cff64822fc1cfcaafccc64	241e892b1ce698f7d52a01c68f1fa73e594311fe	241e892b1ce698f7d52a01c68f1fa73e594311fe	7e2867b176e202ca89f52b088acea8302027703e	7e2867b176e202ca89f52b088acea8302027703e	tree-patch-metadata-equivalent
61	4f6d5f4c2a7ed6fb38b7baeda1fd71bcc0739d87	15f5edaf0678d1447a4bae2fc991e16daf79b6c8	267609bc1537a816f4066609de1b2a17a26da98a	4172a6823d6c550021d9c8d32c228ce7abf91155	e0511627c5e8d19b76a5823b537567f19d91db5b	e0511627c5e8d19b76a5823b537567f19d91db5b	29f4d82054eb0740af6b6fafd2e01ced1e789951	29f4d82054eb0740af6b6fafd2e01ced1e789951	tree-patch-metadata-equivalent
62	5b284f817dfe6ad4532f90fbe386b62bbbcd733f	d34e463ab56e74b691abd3b66911db708170d868	4f6d5f4c2a7ed6fb38b7baeda1fd71bcc0739d87	15f5edaf0678d1447a4bae2fc991e16daf79b6c8	c28c7a89d79aa27646f71add12dc6f1309c565dc	c28c7a89d79aa27646f71add12dc6f1309c565dc	38126ba420e2680ddf846ff6bddf239566084d0c	38126ba420e2680ddf846ff6bddf239566084d0c	tree-patch-metadata-equivalent
63	7fa44ccd90a54288a1f24978ec1a71fb4e378bb6	745310e4fc97ce32946b92d7292bc4cc1a1c26c6	5b284f817dfe6ad4532f90fbe386b62bbbcd733f	d34e463ab56e74b691abd3b66911db708170d868	e29acb8356d2c8f9b61cec4030dfc3100f187db4	e29acb8356d2c8f9b61cec4030dfc3100f187db4	25899a3d85b8be9fd54515186f203acdbab374b9	25899a3d85b8be9fd54515186f203acdbab374b9	tree-patch-metadata-equivalent
64	995f45b3e62411ed7112a77cf313acac9b0f6e63	74dc6d4f59ea86ab5ea8d1403980b1f003f4deae	7fa44ccd90a54288a1f24978ec1a71fb4e378bb6	745310e4fc97ce32946b92d7292bc4cc1a1c26c6	f96423aadbb5349da88858fb84e0f85341c9feb6	f96423aadbb5349da88858fb84e0f85341c9feb6	7405b35498a11289566613aa70b2881f22570dd1	7405b35498a11289566613aa70b2881f22570dd1	tree-patch-metadata-equivalent
65	413fd435b24a6f388c3e99a764564a001ec3b2e4	ef096bd4079436f655acce17ef94eb16907cee7a	995f45b3e62411ed7112a77cf313acac9b0f6e63	74dc6d4f59ea86ab5ea8d1403980b1f003f4deae	163097d75fcd58721f905e0a3bff02b19ea01921	163097d75fcd58721f905e0a3bff02b19ea01921	550a25e5a84110af03af05007f0b9a455a87f7c6	550a25e5a84110af03af05007f0b9a455a87f7c6	tree-patch-metadata-equivalent
66	a1525b3e037c200e2c8aeee1b25c57e1efb7bf23	4c249c7732bd9505e0d279c27eb13d0474d3e27c	413fd435b24a6f388c3e99a764564a001ec3b2e4	ef096bd4079436f655acce17ef94eb16907cee7a	18b796359b74e65fc98b398fce9733f47344d1e5	18b796359b74e65fc98b398fce9733f47344d1e5	eec169522b31d61429450d3b7a0a001ffa66509c	eec169522b31d61429450d3b7a0a001ffa66509c	tree-patch-metadata-equivalent
67	c828e233c588d52ea11010d6a1450a2ffa162353	c4cacb223d9dff529bcc5e3760c754b97ebacf31	a1525b3e037c200e2c8aeee1b25c57e1efb7bf23	4c249c7732bd9505e0d279c27eb13d0474d3e27c	0171d4293a1b4a9d699b7a1699d53576d8aea2e0	0171d4293a1b4a9d699b7a1699d53576d8aea2e0	877451dffe0775e74bc615936203768f1bc25e95	877451dffe0775e74bc615936203768f1bc25e95	tree-patch-metadata-equivalent
68	4072faf8fce86f3136dbdbe57a825a1acaccbb06	177670e3515ab12029f14c3f9452aafa0e4847aa	c828e233c588d52ea11010d6a1450a2ffa162353	c4cacb223d9dff529bcc5e3760c754b97ebacf31	247fcb9e15ab32b4cbae6c3aaba09629e6f3bacc	247fcb9e15ab32b4cbae6c3aaba09629e6f3bacc	d564d1b6caab2ca441248858c0eaae4933ea5b3f	d564d1b6caab2ca441248858c0eaae4933ea5b3f	tree-patch-metadata-equivalent
69	c89a7a69933c43e097ec474ff734cbfc3cd35c22	a8217dc15a9f16ac4d79a96ccedcb09177cc50c5	4072faf8fce86f3136dbdbe57a825a1acaccbb06	177670e3515ab12029f14c3f9452aafa0e4847aa	102798022a593c8b2422b10f456876e00ba6fcc5	102798022a593c8b2422b10f456876e00ba6fcc5	6ee4fb46d75fe9d79be4b3d7737aab941fa112a9	6ee4fb46d75fe9d79be4b3d7737aab941fa112a9	tree-patch-metadata-equivalent
70	25ba5a41d75908082ac3fa89f370fda091af9d49	95383b8fd98810bd9c82da518907df68cd918d5e	c89a7a69933c43e097ec474ff734cbfc3cd35c22	a8217dc15a9f16ac4d79a96ccedcb09177cc50c5	3c898e328bd6fc167f89d9d021250462d0e254c6	3c898e328bd6fc167f89d9d021250462d0e254c6	65b67b348e4f6f4a48d0585546d790597ce6eec0	65b67b348e4f6f4a48d0585546d790597ce6eec0	tree-patch-metadata-equivalent
71	f430d21aa040eaf10b27178c3c8ce29d7ecc7d5e	819b95c933c9d082599854dbfd6cfdabf46045e6	25ba5a41d75908082ac3fa89f370fda091af9d49	95383b8fd98810bd9c82da518907df68cd918d5e	e841b3f16c40614d4db67d0d7ea60dd7b6e792ea	e841b3f16c40614d4db67d0d7ea60dd7b6e792ea	5ed6f015202ad22c7e4a6150b6a287dab85aaa00	5ed6f015202ad22c7e4a6150b6a287dab85aaa00	tree-patch-metadata-equivalent
72	1574240ab2ba4a9e5f773c5d6bf372a578d6f4fc	59cc3133c4f606c7541bfd3563e0a8f51ad071c6	f430d21aa040eaf10b27178c3c8ce29d7ecc7d5e	819b95c933c9d082599854dbfd6cfdabf46045e6	3aee27a09ab9e334dfcee328cdc1e48b2df4c5c9	3aee27a09ab9e334dfcee328cdc1e48b2df4c5c9	b5d73c76819cae35108616abd267c2eab8d37aaa	b5d73c76819cae35108616abd267c2eab8d37aaa	tree-patch-metadata-equivalent
73	f5060d06ee5a9bbfb1fb0689cfd980f766178349	28fef99f721400c10de665df5bd34799cc1cd2d8	1574240ab2ba4a9e5f773c5d6bf372a578d6f4fc	59cc3133c4f606c7541bfd3563e0a8f51ad071c6	d43de69db4ef2315d3f8ad48d7ed9545c3137fea	d43de69db4ef2315d3f8ad48d7ed9545c3137fea	b1b782e0f523a3116afbe1fe5c04121f86af48b0	b1b782e0f523a3116afbe1fe5c04121f86af48b0	tree-patch-metadata-equivalent
74	3891542f493615f4330b65dcb3eae8b425f3b6b3	773cd93dcc269372279d7f8aad938b85c6a3b76f	f5060d06ee5a9bbfb1fb0689cfd980f766178349	28fef99f721400c10de665df5bd34799cc1cd2d8	4263fea7ef081becfc8bd167fa04a5d5746d9149	4263fea7ef081becfc8bd167fa04a5d5746d9149	1beef95a631a4e91372664621ed90dbe9959337e	1beef95a631a4e91372664621ed90dbe9959337e	tree-patch-metadata-equivalent
75	00de28f116a025366c4098c8c3823eb8f7b76298	2e0c2decd5be3dccda708eba4f50b3d7696fc1f4	3891542f493615f4330b65dcb3eae8b425f3b6b3	773cd93dcc269372279d7f8aad938b85c6a3b76f	cb0c56413109e6edfe047948a4f909b09a72837d	cb0c56413109e6edfe047948a4f909b09a72837d	efaccb834f17900372bb4a15cc0c4a4725b94c3f	efaccb834f17900372bb4a15cc0c4a4725b94c3f	tree-patch-metadata-equivalent
76	74f336c1a01fad9eccad3c62232bb46b3329731b	81f9bc1e373c59f004a3f52df61b4e77d494d5f2	00de28f116a025366c4098c8c3823eb8f7b76298	2e0c2decd5be3dccda708eba4f50b3d7696fc1f4	fb8059ffffd5a56ee2632cbf869f6382032e1a72	fb8059ffffd5a56ee2632cbf869f6382032e1a72	60d0ffff4b34a4d73389564dd45d8fa087dacfd8	60d0ffff4b34a4d73389564dd45d8fa087dacfd8	tree-patch-metadata-equivalent
77	f2762f7caccfda4f28af4b4c5e1e57c25096aa11	f12a89080977e8c95711a8b33daa8d94973cc1fb	74f336c1a01fad9eccad3c62232bb46b3329731b	81f9bc1e373c59f004a3f52df61b4e77d494d5f2	e19a14afb833a6be210ff4e787e103aa0888ebfb	e19a14afb833a6be210ff4e787e103aa0888ebfb	3bdc1f7b8bb2d0335f47ffcf6c8e10244a1c70cb	3bdc1f7b8bb2d0335f47ffcf6c8e10244a1c70cb	tree-patch-metadata-equivalent
78	9d6ac8ec0cd3fbaff166edf9da02ee6c45ac29cc	e1287af65cc7df26301a154fdd940301417a3297	f2762f7caccfda4f28af4b4c5e1e57c25096aa11	f12a89080977e8c95711a8b33daa8d94973cc1fb	15316c523b1105c5dd2f7327b0ac9743d3f212b3	15316c523b1105c5dd2f7327b0ac9743d3f212b3	5d4a99109ab252dfdd314e97cc9f9eeac02996d5	5d4a99109ab252dfdd314e97cc9f9eeac02996d5	tree-patch-metadata-equivalent
79	d51613fd4379005fd67a908cae7674413382ebcd	09217a6680224b99bf9728b0afec10688edf9f88	9d6ac8ec0cd3fbaff166edf9da02ee6c45ac29cc	e1287af65cc7df26301a154fdd940301417a3297	85d554bd7e3a56a90805031da45fabf245d7ef53	85d554bd7e3a56a90805031da45fabf245d7ef53	ff57262a3f524ee1302695749d81fe2a8d7da94b	ff57262a3f524ee1302695749d81fe2a8d7da94b	tree-patch-metadata-equivalent
80	1327299d3468828c416d0a83a60e3316f8ed0349	9d15bc9a2dc4ada5d2b730fb8832c86b1f9d894f	d51613fd4379005fd67a908cae7674413382ebcd	09217a6680224b99bf9728b0afec10688edf9f88	6c808177024f191eaae0592b967874e205515ab6	6c808177024f191eaae0592b967874e205515ab6	365e1c85629e080bd818a8a488a962955ce2c564	365e1c85629e080bd818a8a488a962955ce2c564	tree-patch-metadata-equivalent
81	bc66425b82710143b28d7c9b20a0b344a13fb54c	79e49df6fbbe67e0c24901428546bdcd95f3e510	1327299d3468828c416d0a83a60e3316f8ed0349	9d15bc9a2dc4ada5d2b730fb8832c86b1f9d894f	3a491d0ecca02714f5f6f8c6cb5a29bec02867eb	3a491d0ecca02714f5f6f8c6cb5a29bec02867eb	38c90f66ba26c4bff8d4e4a7965f403490c2eb42	38c90f66ba26c4bff8d4e4a7965f403490c2eb42	tree-patch-metadata-equivalent
82	3df958951502ce1f4a43c753af33851711735cfb	bf4749edd030330a3f159465ae294ac678d6df2d	bc66425b82710143b28d7c9b20a0b344a13fb54c	79e49df6fbbe67e0c24901428546bdcd95f3e510	3ceb8db946bec76f1a46c716351793187603b4d9	3ceb8db946bec76f1a46c716351793187603b4d9	508cd9bc1fcc99d33e0c0468379b5515388d1253	508cd9bc1fcc99d33e0c0468379b5515388d1253	tree-patch-metadata-equivalent
83	41b2769a00a571091ec725eebd425015d90393a6	39361871802ae67d092693c144f62ecf914b34b6	3df958951502ce1f4a43c753af33851711735cfb	bf4749edd030330a3f159465ae294ac678d6df2d	76d8853218f35424c6751c87dd52d8a760889d43	76d8853218f35424c6751c87dd52d8a760889d43	5b89eb0a330f152d23b15089bec077e656ed42f4	5b89eb0a330f152d23b15089bec077e656ed42f4	tree-patch-metadata-equivalent
84	7103ee20a8b472d006268294d9daf697912c053e	ce391321934444b7a14edaf015c6f19c390befe5	41b2769a00a571091ec725eebd425015d90393a6	39361871802ae67d092693c144f62ecf914b34b6	abdd2e0465cd00ec7da5f9c3c542b88ba39ad45d	abdd2e0465cd00ec7da5f9c3c542b88ba39ad45d	85129712a6d399649d3337b33a91ae3472a15de2	85129712a6d399649d3337b33a91ae3472a15de2	tree-patch-metadata-equivalent
85	13adee8ef2bc8c6061588f29eea2148b9e0791fd	b324b5ace2e44154723b9438cbcbbc6800368c6e	7103ee20a8b472d006268294d9daf697912c053e	ce391321934444b7a14edaf015c6f19c390befe5	d676a2bf1cd0dab562f41f3566379b449c8ff636	d676a2bf1cd0dab562f41f3566379b449c8ff636	b6016f3da941b99603cb855e1b08c0106eea1662	b6016f3da941b99603cb855e1b08c0106eea1662	tree-patch-metadata-equivalent
86	1b775a543239f9fdb484518777a4290aa2fb6690	2186654684e8b669d44ab470e5edb005a3f3c88e	13adee8ef2bc8c6061588f29eea2148b9e0791fd	b324b5ace2e44154723b9438cbcbbc6800368c6e	2cb7453084521a92c51677188ac20bc585e385b4	2cb7453084521a92c51677188ac20bc585e385b4	d0d3253bcb3f1f67fcd4fd53a37be051317261b9	d0d3253bcb3f1f67fcd4fd53a37be051317261b9	tree-patch-metadata-equivalent
87	3b7027a30dad5c71506534a9bcc285b0f1e4e9b8	8e84067047f8d099ae285ee7305f7985916d30a6	1b775a543239f9fdb484518777a4290aa2fb6690	2186654684e8b669d44ab470e5edb005a3f3c88e	a528c3736a0c67b4dad14637f4c57c2272caa7a5	a528c3736a0c67b4dad14637f4c57c2272caa7a5	a718bcf540511fe0b327cf02cada546cda4d04f6	a718bcf540511fe0b327cf02cada546cda4d04f6	tree-patch-metadata-equivalent
88	702a0629a67846b8da074fcc09d8bb5c1421761b	53943472ae9f3478d43a84e62a1ff33ec428e521	3b7027a30dad5c71506534a9bcc285b0f1e4e9b8	8e84067047f8d099ae285ee7305f7985916d30a6	3166bb4cde14ec8d260cce5c576210aa216af3e5	3166bb4cde14ec8d260cce5c576210aa216af3e5	053f4677f4645d48c4ba24e355d3a85d1e037b73	053f4677f4645d48c4ba24e355d3a85d1e037b73	tree-patch-metadata-equivalent
89	6f6f15207a4dde08da76747ddf607579a8b67a6a	39b55c3936512188dfcfdf533e6cba5c9afc26f9	702a0629a67846b8da074fcc09d8bb5c1421761b	53943472ae9f3478d43a84e62a1ff33ec428e521	1d3aad4b7996020df5cc565b418cd6d9d6efd627	1d3aad4b7996020df5cc565b418cd6d9d6efd627	e53846dc7ba85bd1dca005988dfc81e32ca88d69	e53846dc7ba85bd1dca005988dfc81e32ca88d69	tree-patch-metadata-equivalent
90	db1442784e55418548a13618b6eddec7f6a4d3d2	893f6a13bfa0913650a52e512c295421f66bfd1d	6f6f15207a4dde08da76747ddf607579a8b67a6a	39b55c3936512188dfcfdf533e6cba5c9afc26f9	6d3c6c1e36f607394dfb32673362a66a20a1363f	6d3c6c1e36f607394dfb32673362a66a20a1363f	309a6c348745770b66112501ecb19b9f0146ca50	309a6c348745770b66112501ecb19b9f0146ca50	tree-patch-metadata-equivalent
91	b992918d48bcea33ef2c46c7c636f5903c1c2a2e	9fb3522f23370006dc328a57d2d85b57f68517d1	db1442784e55418548a13618b6eddec7f6a4d3d2	893f6a13bfa0913650a52e512c295421f66bfd1d	2962ce158e5629a7fb7c0c780e8ee1fe1159b5b9	2962ce158e5629a7fb7c0c780e8ee1fe1159b5b9	884d3f91a8e0ac23d8f6daf43cb85566182c2cb1	884d3f91a8e0ac23d8f6daf43cb85566182c2cb1	tree-patch-metadata-equivalent
92	9c13efe88f9ec4db893054f514175078d9775cd2	546bf1e992bcff56eb6be0e0aabb8053c2b05f55	b992918d48bcea33ef2c46c7c636f5903c1c2a2e	9fb3522f23370006dc328a57d2d85b57f68517d1	fef3df48be5498d5fb490ae5c240862e1e9655f7	fef3df48be5498d5fb490ae5c240862e1e9655f7	f9eb500b351da2331927334c0512cd3437221975	f9eb500b351da2331927334c0512cd3437221975	tree-patch-metadata-equivalent
93	23413ef630b43ecc34e5e89282dc4826aa797650	af93ea5115a52822314426b5f35603c57383dd29	9c13efe88f9ec4db893054f514175078d9775cd2	546bf1e992bcff56eb6be0e0aabb8053c2b05f55	b647b548ba38330777a4ddad89f0da4fd6181e0f	b647b548ba38330777a4ddad89f0da4fd6181e0f	d8696f64f39891a1abe7ed9aab9fbb0f2011b061	d8696f64f39891a1abe7ed9aab9fbb0f2011b061	tree-patch-metadata-equivalent
94	ec17f4342520591b6dc25e0f49a32ef19f21a387	55e4de1f5109d98baedf6063315bf97a9f6b928e	23413ef630b43ecc34e5e89282dc4826aa797650	af93ea5115a52822314426b5f35603c57383dd29	1691415479ffc6549cf04e880770f8ff6c879553	1691415479ffc6549cf04e880770f8ff6c879553	b81cb8d275e741a683e2f6f02cbad841e0377549	b81cb8d275e741a683e2f6f02cbad841e0377549	tree-patch-metadata-equivalent
95	71cb2f44e82435c773357a12f655f8ac9be2a722	895ab38c6b0a52c8b7806c6e9df809e74730e777	ec17f4342520591b6dc25e0f49a32ef19f21a387	55e4de1f5109d98baedf6063315bf97a9f6b928e	bd386dcbe46b1ffe3c2f77acf42cb794cfa73c8a	bd386dcbe46b1ffe3c2f77acf42cb794cfa73c8a	ba6f508b17519af3fc7122c47e35fd60ebde891b	ba6f508b17519af3fc7122c47e35fd60ebde891b	tree-patch-metadata-equivalent
96	82ab255c7e9416026a5afffc4e0bbcf2db9b8db5	cee258a991ef90bd0bac8d78bc557536f0cbf30a	71cb2f44e82435c773357a12f655f8ac9be2a722	895ab38c6b0a52c8b7806c6e9df809e74730e777	ad36c0fbbad4be3fbdd13da842d6d338d5afeb82	ad36c0fbbad4be3fbdd13da842d6d338d5afeb82	e58f32664c075220aaac5c4eeb6bde1f043b46e7	e58f32664c075220aaac5c4eeb6bde1f043b46e7	tree-patch-metadata-equivalent
97	a18749fb5b36306ad8843b6f2ef3366034e115aa	7c978c094885a75467132547355e37d3327205e7	82ab255c7e9416026a5afffc4e0bbcf2db9b8db5	cee258a991ef90bd0bac8d78bc557536f0cbf30a	c090dfd02f30349cd9de8b9096fd3c5d3a8106fd	c090dfd02f30349cd9de8b9096fd3c5d3a8106fd	8418d828cf71425634ea049299ffb78bc0e03b96	8418d828cf71425634ea049299ffb78bc0e03b96	tree-patch-metadata-equivalent
98	d80c0d7a66d1484ea8c64cbc9a0ab8621ef0be0b	b08cc9b90e32e939984c1a6e2bfec76960931f31	a18749fb5b36306ad8843b6f2ef3366034e115aa	7c978c094885a75467132547355e37d3327205e7	532d78a682148196af0027b0b4cf6e2ed4a41761	532d78a682148196af0027b0b4cf6e2ed4a41761	cae5320d2a6f009040ee7b63a140717eff4c0473	cae5320d2a6f009040ee7b63a140717eff4c0473	tree-patch-metadata-equivalent
99	53a8841688663ecff05e74bf6531f1bbbf31c94d	aae234c7f0390db9af4f2ce76aab4e195d90c6a2	d80c0d7a66d1484ea8c64cbc9a0ab8621ef0be0b	b08cc9b90e32e939984c1a6e2bfec76960931f31	407ba5071abed61fcd03adcf6dc5a132034168d2	407ba5071abed61fcd03adcf6dc5a132034168d2	6d979b0d75963e1cceaf2ab5674c0f2c9d358f5d	6d979b0d75963e1cceaf2ab5674c0f2c9d358f5d	tree-patch-metadata-equivalent
100	f64fa6062cf0b98c35f067e1da3821e06b9dd8d5	95ac90c85a9b8e57a2088d323efb37eae0925452	53a8841688663ecff05e74bf6531f1bbbf31c94d	aae234c7f0390db9af4f2ce76aab4e195d90c6a2	c2443dfc4cd886debacafc8bba3d2882c802baeb	c2443dfc4cd886debacafc8bba3d2882c802baeb	778261a30d981904c36cbabcb957f8f8e73d6875	778261a30d981904c36cbabcb957f8f8e73d6875	tree-patch-metadata-equivalent
101	ee504253a7a31d2a3812ca4ec2dea8967f4eae38	73d1b20b6ce06225132d67442605e7aa3f2696e1	f64fa6062cf0b98c35f067e1da3821e06b9dd8d5	95ac90c85a9b8e57a2088d323efb37eae0925452	aa297c8f4842dd887e23c2d3e56d7b90f0460827	aa297c8f4842dd887e23c2d3e56d7b90f0460827	7180b71fbf5264a3f9620821935462f875a45425	7180b71fbf5264a3f9620821935462f875a45425	tree-patch-metadata-equivalent
102	2f3d62a71a44e7fb7106ea40a09c3a01df27f930	42d292a8d4f3ffbaae9fcd0d3a0d91ce61f92184	ee504253a7a31d2a3812ca4ec2dea8967f4eae38	73d1b20b6ce06225132d67442605e7aa3f2696e1	b0b88711754d217e054bb9e047a81b9bd5d9147c	b0b88711754d217e054bb9e047a81b9bd5d9147c	987b836f3c22e3deadad1705bef55f8c0f65c355	987b836f3c22e3deadad1705bef55f8c0f65c355	tree-patch-metadata-equivalent
103	21bcbd516c28d0f4232cf78b37863d3cc81c8a62	6d5bab2d4dc80b5f21c10adaefea99db23670937	2f3d62a71a44e7fb7106ea40a09c3a01df27f930	42d292a8d4f3ffbaae9fcd0d3a0d91ce61f92184	3fcc2f776aab35793c8866e9486ab140ed30c5c7	3fcc2f776aab35793c8866e9486ab140ed30c5c7	ae11177d981e7e27d3051cd96e02dfa64be16abe	ae11177d981e7e27d3051cd96e02dfa64be16abe	tree-patch-metadata-equivalent
104	0fc9f5ab4ce3b1355ff214128334a87632c74cbf	a065fe5fc14defc907ca892ac49610914b2d0df8	21bcbd516c28d0f4232cf78b37863d3cc81c8a62	6d5bab2d4dc80b5f21c10adaefea99db23670937	f84fa4b3e00db0ad5624c4f920f8623c547a87bf	f84fa4b3e00db0ad5624c4f920f8623c547a87bf	dcd41a3ecefc7eb09ecfa8763b541fbe6ef97e73	dcd41a3ecefc7eb09ecfa8763b541fbe6ef97e73	tree-patch-metadata-equivalent
105	ffad9ef7a2ea4e48ef37a0e4c72a619e5aa98b3a	db703d05577f32082514022cefec159ecb2f1155	0fc9f5ab4ce3b1355ff214128334a87632c74cbf	a065fe5fc14defc907ca892ac49610914b2d0df8	2ce7827d225fed1557e34cf095b68e67389217ac	2ce7827d225fed1557e34cf095b68e67389217ac	416a932a985260327e5983c3a24dc01e8048c708	416a932a985260327e5983c3a24dc01e8048c708	tree-patch-metadata-equivalent
106	3de78a1fe9975b8e5aabec0508b00cdeef80aa15	c3a16f6a6e78958404e010adaec4b6a87a8fe687	ffad9ef7a2ea4e48ef37a0e4c72a619e5aa98b3a	db703d05577f32082514022cefec159ecb2f1155	9e24d9111183e50855141d1d7d5bdea0ed73a665	9e24d9111183e50855141d1d7d5bdea0ed73a665	8ac95438dce8558f7815cae7eba6028f5c294ec8	8ac95438dce8558f7815cae7eba6028f5c294ec8	tree-patch-metadata-equivalent
107	c2d514b595e05d0150ccc7a19c6454bb3443fb43	c4eecd9f959a41d4f73a3b394b593f2a94ed0f7a	3de78a1fe9975b8e5aabec0508b00cdeef80aa15	c3a16f6a6e78958404e010adaec4b6a87a8fe687	e9d2861ec56f8fe0f5f3f9860fc42e8e6519a52e	e9d2861ec56f8fe0f5f3f9860fc42e8e6519a52e	5aa863bb933481a0b3f3d8aef003815e1585d111	5aa863bb933481a0b3f3d8aef003815e1585d111	tree-patch-metadata-equivalent
