docs/baseline/aa-1/analysis.json	74453	81fdb55fa9d84eb4e04a65bd5f9e741d823bdb3e4a71dc2753e60c50f53db047	bac0acaa14e5fc7b70533905b01a370b8bff35be
docs/baseline/aa-1/binding.txt	1068	c321d872eee85bb8afa7f797551e8274e3024fe7743e7b64377d73f348eeef20	51892195e7a5c35de213ea2fd0929b7777102bb9
docs/baseline/aa-1/console.txt	8581	2af0cef56db09975e05fbdf45882634ccd83bd2bad447b9093208b7ddacdaf00	5037c58ba106fdca46db214f0d54e129bb7e0ac9
docs/baseline/aa-1/manifest-reference.json	9449	bfb167600ee186d4e360958348cc8892e3dee2620f9dcdeaf9fcd60c20fd3bc7	fb6616fc2b1b1cd2b39586da645ba91db7552ee6
docs/baseline/aa-1/pair-order.tsv	565	cb6d84f1525e1f22bbb22d43d7eb14271b246fadbd45a9883bdc7406784de98f	fd64658cbacc8639289fda55968efd1b9c99a79d
docs/baseline/aa-1/samples-candidate.tsv	131540	44be06f9d5a79c016281a5af7ed09c1c048ddd5f3ffd34ce0bfee2b8059447c3	827833fdb4f3b9ead731c0d37de268d2948e68fc
docs/baseline/aa-1/samples-reference.tsv	131545	63f53e50cdae688435c81d0c30ab777eadb78fb8c81704f2a3149dca58e69393	1ebccdf00620ff838de2f77a554d84530dbf72a2
docs/baseline/aa-1/warmup-candidate.json	29390	3715d45ea5a94de9710b0c90cc99e1dfe05508a81e9b494ad4f98fc4c14aeebe	b6f6c88b456c02de33c935656d31844dc6e54a07
docs/baseline/aa-1/warmup-reference.json	29390	457f73dd877f33cedba66267bb567c7d6843463990f569dc8efe39dc9b0f06a9	9462282d880ebed5296b230668b4faf86f0d8e12
docs/baseline/aa-2/analysis.json	74434	3303f0dbd39c335786d288baa5571e897aed9c7c52fb14f0109d1d99b050316f	deea4e62978b1aa76221f4b5b73322ceba60ccba
docs/baseline/aa-2/binding.txt	1068	c321d872eee85bb8afa7f797551e8274e3024fe7743e7b64377d73f348eeef20	51892195e7a5c35de213ea2fd0929b7777102bb9
docs/baseline/aa-2/console.txt	8581	7b2b7bf0ecb932c6436dc4137592510adeda06c45d7572f6154c02ed8af175fc	1cc07f0aba9f0550b37d2e6c32fca7e9e3e0a985
docs/baseline/aa-2/manifest-reference.json	9449	bfb167600ee186d4e360958348cc8892e3dee2620f9dcdeaf9fcd60c20fd3bc7	fb6616fc2b1b1cd2b39586da645ba91db7552ee6
docs/baseline/aa-2/pair-order.tsv	565	cb6d84f1525e1f22bbb22d43d7eb14271b246fadbd45a9883bdc7406784de98f	fd64658cbacc8639289fda55968efd1b9c99a79d
docs/baseline/aa-2/samples-candidate.tsv	131539	909001912d9030365709f72b43dbbbbbc7eaa312a3aa6beea8199e0fd15e3fce	4cefe37edfaad9cba5d5fc0cfd9f82ca2c5cd583
docs/baseline/aa-2/samples-reference.tsv	131538	43c97bd3e031960c522650276f66df94d0ba93c72ecec55b46564866d7010eab	e0863c5593adec196c208c1a62c82747e8938bd1
docs/baseline/aa-2/warmup-candidate.json	29390	5e4cdc53b627ad2dc8abdf0041f2d2a6157734ee972759b1069b2b5336cc1200	6409780824e6df870b9a78e0481fa9a67a0a84a5
docs/baseline/aa-2/warmup-reference.json	29390	6b6377f268c6e5ea116a3c8ba9f1b60d5eba534359c9f126a0c37dc8d68eb8f9	201751757c6373be445625d3615aa5cd0ee91e80
docs/baseline/audit-aa-runs.py	18991	14cac59f60bec444a753d99225561f6fcbc5222b12698e2895555549129c24de	7ddcd63cf72fc5c238d9d8353ef605babce1d2d8
docs/baseline/audit-committed-runs.txt	4170	5c752778d41c9ba84635c6c5094e15736f89eb6e9dd610cf618c04932383175c	6e5f2190e38fe3e9819a5993f18e5386558e8820
docs/baseline/audit-live-runs.txt	4063	229ed7c4f95a9648f6480ced2b1bb32f95f2973b4cfebc0ae13d71e5202b691e	848690958c40cdfe38bab8455149efb2e00464fd
docs/baseline/build-only-console.txt	7129	a61906124da4da440f89c68add320c5da6e3c229747e4fbc084ffea04aa7dd4b	b8afe804528344a223ca2a7e26061dcf21779825
docs/baseline/harness-8e7f080.patch	168940	14413796ca8a89cc1328497b5c87629b1c55f945ec58e73eebb3838df0700460	d8199628c3cd616489f01c5477b389f03fd1429a
docs/baseline/invalidated-2026-08-18-fixed-order.txt	1489	066554cd8e6633b3aa9f6cb7860861f47bfc2dc477ea8f9667b3aee10673c5ab	4a59b231bce57ebf6dbfc178908dc099b89b33d1
docs/baseline/invalidated-runs.md	4480	65ba25210bd1fa0e751412894ba21f22048da172d7e782e71a888f6e123fb69e	4a7f0dd892144bd2f7f2f702df4011fbf79e2d9d
docs/baseline/per-case-summary.tsv	35087	e24e5ff4bf06abd1014b75b3fc4a18d3bd75f2b2c1c0550ecf2a0e149a94680a	577b40647c6a06f0a5a75bb8f41b8b0bb7eded86
docs/baseline/phase-attribution.py	10788	3fad0f287af98ee2657333d3f5889a26b7df66e063b05fd68ba418f9e58120d8	7b93f4ad0c94d1cfb2f5165cb5668e426078c735
docs/baseline/phase-attribution.txt	8116	820b5f77345a025b0ac3ba7fa597b4b536d66dbbac3f56c64ea52c6b1ccb73a5	e3d01e16284957938a38ea607539c97084d51057
docs/compat-evidence/accounting-reconciliation.json	5431	ac6d2a4dbfc2a8c231ab0c79922a4ef102a19ee41c2e3cf3344b139f7d5fa58c	2ba25084f8ae331dfab2815fa462148bdc9065fd
docs/compat-evidence/artifact-manifest.tsv	2423709	c3925f017a89f00df7fec439b749761cc50fc26f8a3e3d3fce8be6bfe0975538	3d09da558137a0709ea3d6ab44edd849a25a9131
docs/compat-evidence/callee-removals-aggregate.json	9799	148184f2b3f73e5f9a51e0b47eb914927ea8fcffd3dcd847cc16542c2d3e0c80	e40e04a8d31abaea8448de1e923b65de4f73ee59
docs/compat-evidence/difference-classes.json	10422	67f67c3bec834416915f3c8db1ed065ff085892c6c9d3a76795a1df13b978908	5cc8c2396d14a7be1cf65c8470a32cf67e380a65
docs/compat-evidence/function-inventory.tsv	596334	c16f1a444c38d0a7a6a26c83e83f8d12f8db94450f4fa5674ea4f5fb95b437a2	1e0c767ab20d8f7f24ceaca732de6b6f20d9a545
docs/compat-evidence/input-recipe.json	6989	ec2fc43e76099968e826db48b54043b95700aac74313d907d1fd3d09bd12bc40	494173f974ce48b858170df8d944e2e1c4522dae
docs/compat-evidence/operand-direction-losses.tsv	17092	86a8da33c468c121c7c0abaa4991d4775bf76c7dceb37aca0174253283e99701	f53c37253948de543e31c2a35ee66141c7918667
docs/compat-evidence/pseudocode-callee-removals.tsv	35234	19c304a2656c0ff2e4b7536689c4af30c95a49e1cdcc2e175d8d4435e5d2e7d1	9cd1d8925347fc90429a837a8b771566baaeb9e4
docs/compat-evidence/quality-candidate.json	1433	e74e577c86185def876693d03305cd3b4667a1af03520035218c99ea11b5664a	6fefef7693247fc746f0eff3e05b834bf448c980
docs/compat-evidence/quality-reference.json	776	53a8905a91bcdf16185b235b7829512fb8e583cdb9b088c7ec2a8faed2e1a391	d56b6c45b384bef673c80b001e2e23d77a57ad1a
docs/compat-evidence/register-counter-scopes.json	5720	3a77e8ea08d0c633432806935f1e513706c7c465f2222fac66d5009a03ccbecd	b04547fbf5b33cbed01d4dfc37a94aa40a312e85
docs/compat-evidence/report-candidate.json	128861	71faeef3a90cef820f10955609524189fd1b1aedd829e3f36872a6eda23ae53f	b808f8426fad0f5860b22bc48111a0c57bd0fa6f
docs/compat-evidence/report-reference.json	128096	5a859fc85a4c70c3c2ded442a2ea8e952387a15d6fcb5ac8388e620b030ca191	bb67e45b87d33679833aed3a1d6072ffee240672
docs/compat-evidence/representative-differences.diff	6003	f92faa6c4f3a40fa44e5b6b4680c8d372fdb53219481c3208630eed1586b4a4c	b1f6f8d937f8953522b77418427c5d5a6c1a96aa
docs/compat-evidence/schema-comparison.json	6478	70cc9d1d8ff0f80d26a711b339bbc1131bde2611236522c6f4cbf9ed43c60b0d	869a0a05bab0a80e37f29ad68644045ce0dcffa6
docs/compat-evidence/semantic-adjudication.json	19419	76df30c3db1ce68541213bea701c5315a6faa8ef9e92498e71d12c0c0169f3f1	2d9460ca81d85f1ff7e29b3fbc692df86e16c349
docs/compat-evidence/structural-census-candidate.json	963	9a2f9768fa04c161f9bb0768dbda78f5de31cc24525edfe19d0b5d3aab053dba	adf29f5a026fdc3445def72e323fb518e19ba060
docs/compat-evidence/structural-census-reference.json	757	0404e9b682e62d6ae1672c31c9852135d942c8cbe24b1c83b0acc3c14c557c6d	d104a2214e5976e1cae8c3504cb7a5b50d6f7891
docs/final-performance/evidence/SHA256SUMS	3051	e7fb68608f6f0680b6d9d3fb00452d26968f2a8d45c2763583a52ec8ea1398c1	64ad43d27bc82109b0ce3bef9e58f590fa5b5186
docs/final-performance/evidence/binding.txt	2745	350c9ee8d6d520f3dd6ff2ae6c85edaaa7dce45a11d62f1731fbec677595a28e	31f3e62814b03c044921a4a3ef671c1d6b34af0a
docs/final-performance/evidence/disclosed/resource/candidate.json	46253	18dfa8e8fb7628c5b753c28fcc20cd7722a8531a47e4a898df0f3e52cce7df58	5bcb7aa9b93708a3b7ff6bda340313fc8f93e093
docs/final-performance/evidence/disclosed/resource/candidate.tsv	10136	da05cf1ed3ce533286102bd4dae3da8bff435b416684114b05dd5b7bb098f6ad	769444818abc6598922a24b75240fba89a52cd59
docs/final-performance/evidence/disclosed/resource/reference.json	46255	5416e228f7486fd7017b2265f7b25731b7071aab1a50936db7426a8a7894a216	e970e6fd37512d8d7e5f49fe5ed1fe6bfc434b66
docs/final-performance/evidence/disclosed/resource/reference.tsv	10138	9f93cf9e404e1b2dae98729a0836c605f2dc593e55e4ea0101a294a23793b75b	9071af79bb2c2421e3337509ea6ece39607400bd
docs/final-performance/evidence/disclosed/timing/analysis-all-cells.json	74444	1ae26e439ef553afed4bbf855f39dc5c3848939672131ad3141e1f9be40ba3e2	9d1b5ea3c1c8bd168b48baa31b1a223687f5d583
docs/final-performance/evidence/disclosed/timing/manifest-candidate.json	9449	bfb167600ee186d4e360958348cc8892e3dee2620f9dcdeaf9fcd60c20fd3bc7	fb6616fc2b1b1cd2b39586da645ba91db7552ee6
docs/final-performance/evidence/disclosed/timing/manifest-reference.json	9449	bfb167600ee186d4e360958348cc8892e3dee2620f9dcdeaf9fcd60c20fd3bc7	fb6616fc2b1b1cd2b39586da645ba91db7552ee6
docs/final-performance/evidence/disclosed/timing/pair-order.tsv	565	cb6d84f1525e1f22bbb22d43d7eb14271b246fadbd45a9883bdc7406784de98f	fd64658cbacc8639289fda55968efd1b9c99a79d
docs/final-performance/evidence/disclosed/timing/planned-pair-order.tsv	565	cb6d84f1525e1f22bbb22d43d7eb14271b246fadbd45a9883bdc7406784de98f	fd64658cbacc8639289fda55968efd1b9c99a79d
docs/final-performance/evidence/disclosed/timing/samples-candidate.tsv	132077	3d9419c67ab315e7fd7d906056e1f33423836cca1dbffda9dae05c769d304d8e	8bc0c81ea090bb18599d25dccba9e9eabe26a61f
docs/final-performance/evidence/disclosed/timing/samples-reference.tsv	132123	f66981b2d50b480c3c83493de653ac2721fe9681a42823e461e6659cb56856bc	26d525dc35c902dc10830026accbba15bbc36f8d
docs/final-performance/evidence/disclosed/timing/warmup-candidate.json	29528	d78f9ab97b87099bf5780003233aa2f05e94ffa2d03b23729ed1f954591c44c4	8efc16db56c5f2c6f6a0c3b9f041e540834b288e
docs/final-performance/evidence/disclosed/timing/warmup-reference.json	29528	c714b10d31cfcee3ceed8322ae0f4493116e4caabbc5ad62a934eb84bd81c992	7de4ce2ba2a65f347d0e7b597456e7b48cc0d1bf
docs/final-performance/evidence/final-audit.json	63650	703411f5daf6af71e7ff57771f65649ede6447cdc00e3e8ad3ea2f94feb514f1	72fc861048259df8bf4c981fad5464696717806e
docs/final-performance/evidence/final-audit.txt	642	f2eabceac912785b7c77b87ce6cedbdf074d41530442e0b081d74c22ed0e7d78	3fac4fe31ecdbf6831da811bbb207a85cd658280
docs/final-performance/evidence/held-out/resource/candidate.json	9039	f001dd6ca73ecbe4225301df1508c996ae421768605f9a834ecf136ff30b5238	1cb9f833531951e1283b9b8613304d9f5731ee58
docs/final-performance/evidence/held-out/resource/candidate.tsv	1878	10b031da1aba4afd3ad9687f1f9dec4dbc3091efa7fe8b095304f8968c830bc9	89e266537de600a92708371b5f9b27ffe88018d2
docs/final-performance/evidence/held-out/resource/reference.json	9039	ee063103982d1a5d0cc38d1b71cbe32b50e59c97acc2db280896f66d4a5d4e6f	ec62d6a917c2a8996cd906bbd183cf4e37961562
docs/final-performance/evidence/held-out/resource/reference.tsv	1878	525c8758dcb15f8cf43432215095458fdb27d532ab20b128aa29709ac4f62370	fecbae93f09e01fd74c0309419ce6635bdb8b75e
docs/final-performance/evidence/held-out/timing/analysis-all-cells.json	15552	61cae14bcade451d47dec591de92865eff5cb4a19f5a0b1002be189d69f4b284	58ac9f91a901c1f44917c5701fe8d1a58c66b806
docs/final-performance/evidence/held-out/timing/manifest-candidate.json	1913	490e84dafdc8e9a4fe80fe8ddab4bfbe115e141924ab9dfd8fc05f5cfc822830	5503b5dd22a077bef7fb5039cf3a26dc2071735c
docs/final-performance/evidence/held-out/timing/manifest-reference.json	1913	490e84dafdc8e9a4fe80fe8ddab4bfbe115e141924ab9dfd8fc05f5cfc822830	5503b5dd22a077bef7fb5039cf3a26dc2071735c
docs/final-performance/evidence/held-out/timing/pair-order.tsv	565	cb6d84f1525e1f22bbb22d43d7eb14271b246fadbd45a9883bdc7406784de98f	fd64658cbacc8639289fda55968efd1b9c99a79d
docs/final-performance/evidence/held-out/timing/planned-pair-order.tsv	565	cb6d84f1525e1f22bbb22d43d7eb14271b246fadbd45a9883bdc7406784de98f	fd64658cbacc8639289fda55968efd1b9c99a79d
docs/final-performance/evidence/held-out/timing/samples-candidate.tsv	23294	83d61da5a1f604d8178790702a7cb81e8770b3721ea64248da42ac60aec73b96	88fd881fcfd0aac1e2657d603f4d684556c01da7
docs/final-performance/evidence/held-out/timing/samples-reference.tsv	23295	3ebb36237e48cfddaffe5bf25a6b28a4fd3c7d5e60ed1e7a2b8df8361f50df8c	601095258a036dda5b518548faed33b32ddf8f96
docs/final-performance/evidence/held-out/timing/warmup-candidate.json	7012	dd4808d9d8f68f65c4c09bded71e20058b687a9805b5b1d0eaa9b96cf6844cb9	f6cf06520755b4c583e3330947fd03e3ccec000e
docs/final-performance/evidence/held-out/timing/warmup-reference.json	7012	e0ef03fefdec913dca658ae41ce71151ef5ed77d4c73a9cf8dd11104a8c31228	e223868fd958eaab7803fea82cf86eb175673d17
docs/final-performance/evidence/seed.txt	33	f85e28f47020a92443888603684a57eda404a3b3b49481ab434dbf341aca760b	48841fba1d8b8b03930295545db1e8e5a8da3340
docs/performance-profile/evidence/SHA256SUMS	501	e2c4d23d6045bd78576bc92e8b8ecca6355aaee5ffba6b921f99506cf533fa3e	e0e3247a76d9c4c494fa97027cb172dc6e330d7e
docs/performance-profile/evidence/binding.txt	2279	e7bc1ee53df1aefccd68e7edec95908311c14b68bac0f74ee0a4cacc84762bde	b24e6b838aee4d31baeb6a1eabc14c18ff30acbb
docs/performance-profile/evidence/current-resource.tsv	1286	859446c2974b43eedde673078cf0241c590f3a76c9704b0efd2a6f38a030a34b	4fa84c547a666524993aecee4aac1c038882ca8c
docs/performance-profile/evidence/historical-cases.tsv	876	089ad9a9f5495dcb3b8e3046d990ed035af37b9fd97d4bd4d21f5e07d4d7c019	94224f41ed676bf7ded8e4c058b74c5c90349fc6
docs/performance-profile/evidence/historical-phase.tsv	530	7219a1e2f95f7e7f4f3d754cf0eb72b98379bad5ae6feb3b2aec215aba7c2383	90041201e844692106f4f16cf619024918ea33c7
docs/performance-profile/evidence/perf-summary.tsv	1371	e6572c557f058a1fd53e297c699df3be545fef748767d7c40d6c623c67b407fd	98aee0cfd8bc16f8d6249af90c3652dab93264a6
docs/post-correctness/evidence/SHA256SUMS	7517	e5eb7aba8ba2783a630379129aa22e7ef9a27b4b6d10352d7bdf882bf2b661c7	f6914b377de81d862cdb892534e9872a02207c71
docs/post-correctness/evidence/analysis.json	74290	95817734bd0493e95d36a64ae14ea0eb4af162fffa0c7a6740a9b9e851b15a89	94b80adb66cd8d6e4eb3c2bfc2dea0af3749a414
docs/post-correctness/evidence/attribution.txt	5639	5038f0587527c4209711778a2c0d7269714f07ce4f33d518719c0bba7825cf94	d34038988ca132b668a83fe1d220931b2c3a215c
docs/post-correctness/evidence/audit-live.txt	356	021fd18c5b0a92a375847dd7153dea226ab905b7694642e02af3f3c41866dc1d	7c74110aab045b816dd5ff24c55cfcd2db8c2659
docs/post-correctness/evidence/bin/resource/candidate/flutterdec-bench	2232792	557c3b19b8618df341093af965d321d11b3e78a0601d075d3deb6cd83f4963e7	6c1aa0060c521422becfa11839346158915ba6a7
docs/post-correctness/evidence/bin/resource/reference/flutterdec-bench	1933048	f868a2e3b7f542f78b581a84b0405db81d4439d9873022afe182cf0b0eb23a86	b82e3a68fbbc09b3d220f4c994d846e503986774
docs/post-correctness/evidence/bin/timing/candidate/flutterdec-bench	2174216	ff696e5ed2857b17f30f7524aa57c246d959aa76eb9019d799820666f59532db	094795c2616cfd206225ed6c53d7d95343aedbc9
docs/post-correctness/evidence/bin/timing/reference/flutterdec-bench	1869728	0676036bfcf58abb4f71c2e04111ef63c6506e5016e365b228886eee590d25cf	5687382a50aa21c82d2da307430c80c6429d3a1a
docs/post-correctness/evidence/binding.txt	2938	15bb0efe42eef18258a274b7152ca4033ee4919f9bd05c8d63133854e3f3fd69	da7fdbf27116738a68f8113ac924d6bb08afcb45
docs/post-correctness/evidence/chronology.tsv	5643	bc4df5ffa76b5daedecf4dc987ae7e45de229d0eba7d7a151a314b18741234bc	e3bb0e3940f74e7030b2043df05e010fd2873978
docs/post-correctness/evidence/console.txt	56305	3c7583251d257818e452c73b993e81a27de93e6f60100f87b63c7aa731c59e18	a0075370c40a4479d50bed615c27a662ad8fbc09
docs/post-correctness/evidence/manifest-candidate.json	9449	bfb167600ee186d4e360958348cc8892e3dee2620f9dcdeaf9fcd60c20fd3bc7	fb6616fc2b1b1cd2b39586da645ba91db7552ee6
docs/post-correctness/evidence/manifest-reference.json	9449	bfb167600ee186d4e360958348cc8892e3dee2620f9dcdeaf9fcd60c20fd3bc7	fb6616fc2b1b1cd2b39586da645ba91db7552ee6
docs/post-correctness/evidence/pair-order.tsv	565	cb6d84f1525e1f22bbb22d43d7eb14271b246fadbd45a9883bdc7406784de98f	fd64658cbacc8639289fda55968efd1b9c99a79d
docs/post-correctness/evidence/planned-pair-order.tsv	565	cb6d84f1525e1f22bbb22d43d7eb14271b246fadbd45a9883bdc7406784de98f	fd64658cbacc8639289fda55968efd1b9c99a79d
docs/post-correctness/evidence/raw/candidate-0.json	23635	7650504b99f5033c7f07b885ef09fe274a26242eff5795da672ebd5d3245107c	f277f432b7f9b1a7b35a9c435ab66c20b7175d00
docs/post-correctness/evidence/raw/candidate-0.tsv	8802	ba3552e71e2d7fb1cc761090c672ec54a6c9d419b42ea4be5373f3cd2d045f37	fc9701258c6d1275548cd50ebd18e3dcf3652e09
docs/post-correctness/evidence/raw/candidate-1.json	23633	8a56221d605f5feb63b6b78ccc31474af4db8f1c0430435955c44200ea361efe	ef1fed402493c5a5c8c2b17f0bfcbbcc60a51ba5
docs/post-correctness/evidence/raw/candidate-1.tsv	8802	32a2f898690a1f82f9404f037d1819f2b6117305c4d9cb3688cad65611537b16	dff5edd7663a7fd459c67ee7d2d0057d17e2d238
docs/post-correctness/evidence/raw/candidate-10.json	23639	7f8c9a36e8b561be17a0402a6cef6c7cf3119e7cad6cd4b602576c571df7085d	8d7100d530ab353ababe4673489362412853dbb7
docs/post-correctness/evidence/raw/candidate-10.tsv	8802	ad053f4f3bba894dedc3be7e39065bee408ee2ac7bce8cbfc44af5f2a7262bb9	8f23a6c59cc06932f9c789360b1158af5a6d8cb6
docs/post-correctness/evidence/raw/candidate-11.json	23638	343a4ba38858cfc06d01db037873342ac3a20c44ce61bb3d4425f796c4b58c2e	aec4bf082c44aa800248e3b0fffd45bd4d3c1338
docs/post-correctness/evidence/raw/candidate-11.tsv	8803	2cbc1dbfadb98621c69a9a282a6704bf463f3aa0d3fad69d6ae87deab43675c6	c04e1968900120310eb564c5f38857b8ef72a3bb
docs/post-correctness/evidence/raw/candidate-12.json	23639	857c27796789295da6a1a3997d1c18e8e3ad8b54f033256cc1749413d1978930	8de140ba9ca62841b5f72413e0ce0f29d491062f
docs/post-correctness/evidence/raw/candidate-12.tsv	8802	09686595f431498a5c348bd43273e08a01fbfe9a73c44fac30b7829d90122688	f21ee53031d51757a54707ec0d58d8ae4123ed7d
docs/post-correctness/evidence/raw/candidate-13.json	23637	ed84c34b94e36f17384ee62769977cd2ae32541b2bb2fce80533422237ea9d2a	f9b67ed1bd35df28e1dd7cce7b6b3c71d62f5833
docs/post-correctness/evidence/raw/candidate-13.tsv	8802	37f41617a2ba5780ec8d448f49cad92c486bd704222bea4e3c0e203f278cba81	3e1baa9904ef068d948f481e27a530aa3f7900ec
docs/post-correctness/evidence/raw/candidate-14.json	23638	ca7ba7c7a5c9b072f37e63bd418494e2defb87ebfef5eb14c23fb7c73d0e61a2	7cc0c21ababf099ff718be5fe0d83a85d99241de
docs/post-correctness/evidence/raw/candidate-14.tsv	8801	295440030b04827f540102564b74ca06fc46d83faebb5c75130f981e8e622a0e	8d728ee5a6ec70c8994ccafae415bf6da29c692a
docs/post-correctness/evidence/raw/candidate-2.json	23636	e3c4ca6f3666f4cca8b2a70b351541ed1c0e5204bc03a519769eb0118caba6a5	0ed928f3eb744de2cb350e0e32fb5ae87fef5e0b
docs/post-correctness/evidence/raw/candidate-2.tsv	8803	bec0c816830aae437feffc13b97d76fbc0ecd94665d0d396a70cc19b92d43134	7c4e9bea979cefbf6f4cee07b374b60c7624fb89
docs/post-correctness/evidence/raw/candidate-3.json	23633	511f0112a453444668f61e69d781819dc55dfdda08652078426b2f59f23110d2	ebe4111c719d45a55886b003e868ff75b1082075
docs/post-correctness/evidence/raw/candidate-3.tsv	8802	2e33065c428e7ace83439e187ff7df8fbe820c2313ac54c5f66c9ed3753b98cd	c768e9b4f0a3fe027965e2fda1bfe5175b55aa9b
docs/post-correctness/evidence/raw/candidate-4.json	23636	142e8fe8a05813fa418690226984a435595bcb697ca6b58198451c6ea4250cea	a6e8dcab1c69484126b0f46701bd04331c820b5e
docs/post-correctness/evidence/raw/candidate-4.tsv	8803	021c365e17bbce44ba003661a1ba05157076ecf411b635b8ed7cb9deaa89f1c7	c819f128dfa00f934c9d261e8c43fc97fbcbf079
docs/post-correctness/evidence/raw/candidate-5.json	23633	7296ebbc2252baa35385ab45e00cb6dda32222a65a75a5a2f158f816d55a9a79	94d4341577a232efa2345033546a6e77765e49d8
docs/post-correctness/evidence/raw/candidate-5.tsv	8802	fc8f239c300aa43b4b9d2f5b74cdef041cf2639419f5ee94a497db952e06e01c	9f44e3b4040d5b119be264b61d7bd6288dd77f6a
docs/post-correctness/evidence/raw/candidate-6.json	23636	be0f091cb0f88551d19e898ef7813288b443f7714f1b20947709854d4013532f	d829d60bc7a587ae5d31017b63e4210085c167c9
docs/post-correctness/evidence/raw/candidate-6.tsv	8803	4f09b0992ab1c06c31287d57f8499fea8a6da860430094490df6c914e102e324	eae622707fb6e638d5bc7a980312849f76ba573b
docs/post-correctness/evidence/raw/candidate-7.json	23633	1814968a831f1b482db7c710ba1b085a5b5d2dcce0b99c52f3eeca4098dd3c73	96dad002ebad0603fea1c5648514aeba80a89bd3
docs/post-correctness/evidence/raw/candidate-7.tsv	8802	7697f0d7be1a1fea6efa03cea15bc2071e5e31ac85e7a5b3f64f8f922cc644af	c5736545c8673a66e54b6969df249ddab97edd7b
docs/post-correctness/evidence/raw/candidate-8.json	23636	4c469bef316f42418f62d85e5df91fd7409d4d155f285a7dc4662709c175cbba	4a73d82d75df071a85ddcab43e496ccfd1f2412a
docs/post-correctness/evidence/raw/candidate-8.tsv	8803	634a5b71ff62a6a59eecab1261ae5a9b6b578efbf102b5f8f7e2cf20edfc516e	04a860682c3d8334cc7db282289e8454e20e3d06
docs/post-correctness/evidence/raw/candidate-9.json	23633	dd429925625a3462f7514d11a15f0b5bc8460ea6f833e4d5a39a47831d6a6ef0	05228f25daba8224bc56d58429ce6f66e8911710
docs/post-correctness/evidence/raw/candidate-9.tsv	8802	8ff8e83a8a38ece4522ae4c9aa3a931534270c5aeea5e7b7b9cd85c9ab3e6781	c748245c2d8b7a5592cf115fa0aff70effc8245a
docs/post-correctness/evidence/raw/reference-0.json	23610	db5037cc680f3872f841d49df9bc668cab871a825736cb704d0d3d156f1ea86b	992970997a7e99a2921dfa7dce9f6f7e1b9bfd27
docs/post-correctness/evidence/raw/reference-0.tsv	8757	0592bc80c69caed3d7f1a651ef388221580ab5c0b1e8c0ad582c316fb3399f18	eb9f94207c833f2d6cd33d1585be452d48a78f46
docs/post-correctness/evidence/raw/reference-1.json	23611	591706dfb7cff4529359f699064f2d3a3f4316c47638b0f89405699a7a51b812	b08a0f534337c259b1f4feafab47f6e0a47c1cb4
docs/post-correctness/evidence/raw/reference-1.tsv	8756	ce5a1bca372b277feae16a8cb6c5d2b1b44aa6492285af62eaf349da3c5e1a05	a428e88cb7da8ef67a6652a0163212199a7f29d8
docs/post-correctness/evidence/raw/reference-10.json	23610	d486b16d21df505d38938fd266c418f2c6f73a20dc80661320b324401b7619d7	5e90df868d3d1d18bbb2e3b9c213850df23bac25
docs/post-correctness/evidence/raw/reference-10.tsv	8754	cc5b4842b4f2be6c118db83cb7abab464213d0c4d834c49faf6d9c29039952ce	8bee199bbfcbaeafb08d92cd463098b4279bcc85
docs/post-correctness/evidence/raw/reference-11.json	23616	746e26e6fad4e14fc87b5b974476e0d441bb0625fa3d9f941c9b3a80cf7fc8f4	ba749dbd33af4bc156fdf55830d713ac98ecb9b8
docs/post-correctness/evidence/raw/reference-11.tsv	8757	308253be470ee33c1fa443cacab11cafeba686f6fd299d60642b7fe0fae68ae7	9e8b4105192a165384ff47c943cb3a28acbee8b9
docs/post-correctness/evidence/raw/reference-12.json	23614	bccff147d74880751c1306a7e2bbee17b36075340abeb813609d51d5f190f677	6d3f48d52f6dc583a0680d0ac90dc53368cee498
docs/post-correctness/evidence/raw/reference-12.tsv	8757	d9e65c72631511c013579fcc093b8f1c63f8b0433ca62e84aeb2fd93974a89ed	1b5ada8172c6c8b8fcfbb5841d510d8f99699f16
docs/post-correctness/evidence/raw/reference-13.json	23612	6166b1db9fbeca3082244071b0503c6046de7f71e2ae63849cb4a9b68b4f2dd4	6d4765ebaa67ce4f01a5061ea270583000924bf0
docs/post-correctness/evidence/raw/reference-13.tsv	8754	b886d27160cfae47b1318f3bdc06273ca47175fa1943ec4ffc986f47f2ae74b0	7136660a4470d2de858ce7d7c438c4cf72955781
docs/post-correctness/evidence/raw/reference-14.json	23614	b6a387fffc2cad3c12a36782370de025a9fa8033673960380aa8457b16901a4a	16faec4cf66711685618112cc892adf412b3c57b
docs/post-correctness/evidence/raw/reference-14.tsv	8757	95dc4ff5441c55df7235e1f2389e8d95a9a48b367c95f13dea5e3999da98673e	0d89ea1f996db489f5337db5a1cdc10b608b53e6
docs/post-correctness/evidence/raw/reference-2.json	23610	f52ba4620e5bb3236ff7d686fee690362df502df99b4e5e972f00931378c9843	065a6fb77c4dc0df48360644a5b35f70d8549bec
docs/post-correctness/evidence/raw/reference-2.tsv	8757	8ab6e2fa104c50ace8e2885c86c792d99643c2f72249ad28f0fdd3265869609d	3f4168d40f6f3567d49e74a60a1cf798e44c1851
docs/post-correctness/evidence/raw/reference-3.json	23612	c35954e1119186fa55c33765382793ae23914217f97abddf028b51f1aa66effa	98c9f3eafd37e557dc97f27e27280fd0d2ebc8a0
docs/post-correctness/evidence/raw/reference-3.tsv	8757	38e918df90781eee1bde7ebb15ccfcdc0059f739b68a4521193d93206a66a992	93801ba98447d2046da441d524f3294d4230871a
docs/post-correctness/evidence/raw/reference-4.json	23609	71eabb6ecdbf76c7b5b770fea6c71abe19e757abd3ccc82ababd48b580f9bc48	42bfff78f9df4d39ed39e8da61d609e16b44ac9a
docs/post-correctness/evidence/raw/reference-4.tsv	8756	b7204f252d48e77dd94e95d3ac2db51e3df30009ee771de117e932d19777b9f3	f09fb271d7027ba71bfd69ed848b062ff2b79367
docs/post-correctness/evidence/raw/reference-5.json	23612	1850ec32bd074369fbd8100a8d26226ec394ed89ede419f0af29be21e81d0a5b	4af36bb7081ca28778594a48a4070a949da48475
docs/post-correctness/evidence/raw/reference-5.tsv	8757	597a40c21ca9548b5c0be82175d301afdd0d2821aeb7f302a0eaed4a0192ea70	5d3e31d1ce5e623058772d7351a8fab331e34adb
docs/post-correctness/evidence/raw/reference-6.json	23609	5eb904162abb4a66a193a294e558da73f24aadd23014ea90d8453b3b695281c8	cfb11987961f94bf897ae42a68d8141b6927c8cf
docs/post-correctness/evidence/raw/reference-6.tsv	8756	c7cb51544569c62fccda1690c43171de8439c5f43632fc18335c316f0a2051ec	a53c6aad791cf1b289c171708e453aee3349ad46
docs/post-correctness/evidence/raw/reference-7.json	23612	c9944d2edbcc5fd79aa0e7c2970109f642a8395da07e3ab6dbd0f688610d5c2c	70f3d4900540b7e15da0160f7bb8ea68f8006939
docs/post-correctness/evidence/raw/reference-7.tsv	8757	aaa22c98a795821bb62cd50abe337e21ff048d43557e39d893dee6b70357f3bf	1f093def5e9254847d83fbfe162ed06a64ce486d
docs/post-correctness/evidence/raw/reference-8.json	23607	b8fc96f8f2b6f641cba8230725843c8efb52648a2b10e2455e5c6a3c5be20336	d88d70656bee68831ecec541c4ac90ee3b368cb4
docs/post-correctness/evidence/raw/reference-8.tsv	8755	e6bc269d92d81a8c4d1c55f462e94680984129b62747c763fda93367a2f6ce0b	05e48afb8d31bee83ef7746235bb8510777f475f
docs/post-correctness/evidence/raw/reference-9.json	23611	dea70f16167b28665c0cbbce1977d29a57388ecf29a5060526a7e8450051732e	d7cec01c30d5f21b0db7a535c2ab4fb27300bc9d
docs/post-correctness/evidence/raw/reference-9.tsv	8756	e61520cb49672fa122a3fbd6c8f1c235962db749cac3cbee2790cca0713aed3f	551dde514fb4d052f7b6a6c1aaaccaa3c5633957
docs/post-correctness/evidence/resource-overlay.patch	28375	7f1ef7a3cf0d43e839b6356bfa78cfb08502573d24677bc2e3c67cb5c469aa9e	7723ea0dc3db70f55d0d7884e4e8d8f8ded1b5fd
docs/post-correctness/evidence/resource/candidate.json	46298	29613db8993e9e330b3e07b95bd7b30f96b20785a40e73dd8ccd53b5e89aa0e2	b85084e47bf062cec9b1d14c615f900d359a4e80
docs/post-correctness/evidence/resource/candidate.tsv	10156	b923ccaea52fac2f621b5619e9fa435067c6e633bc56542f7c71b5e2a514e6bd	70e0276c92208ee6ff6a5391d52147111d04c383
docs/post-correctness/evidence/resource/reference.json	46221	56ed4e9d1d6aa0a86cc9f528d3f1e063a9fad243f6d324931fd097849ff9ccd7	256e6a2d586c70a77c999c410df51786fb77109a
docs/post-correctness/evidence/resource/reference.tsv	10109	e5654abcc49d98fd44f8ba4c6a8a741a813c8cc7aed11be96c21459d6f167eb7	903f5dd8f1a458ef9e365cbbf78a294c5dcecdd4
docs/post-correctness/evidence/samples-candidate.tsv	132229	f388c07ff1038f516e5b9009b7c27e61dec93c03c32de9937421fe3a13f1f8cb	c378278d4cf0cccf45069166a9b9dbd53d3a6020
docs/post-correctness/evidence/samples-reference.tsv	131538	593e2ac93001d4f3a83518d1e82f0d767fd0cdc8bf2795260cefb220a89a4bd5	4f7d552461c5134a5f780d5e1c68c83c8855d5a7
docs/post-correctness/evidence/warmup-candidate.json	29521	7ba2067269fcfe12003bd3268ddb236cf3894611d86d1fa8d1819b9d22acb8aa	5fefb84ec1e4b46871ce7dfb439ce029b20be110
docs/post-correctness/evidence/warmup-reference.json	29493	3afd3eb294c2e9ee971ccda370544860a113789240ace77a1b5d133db8069c03	77d1343ad940f4d61f5c36fb4780ac0d8b62d227
docs/post-correctness/evidence/workspace-preflight.txt	462	777e3f14b018ad857b3ad36a7bb5eae438fa5c2774ed6404b18738fbefaf69e1	4be014af3127f569191c241a208d18ae7a778ad1
docs/research-data/SHA256SUMS	102	31f0a984564a05df74f5c3e4e11be7236530d195ee46ce39ac4cb7778ce51917	bfc14d29fdd39d1552e52e3e55350908a4ef60af
docs/research-data/repeated-block-characterization.txt	1326	c32373417c7cd3d5e8c82a00d7d9e284bc212c180e9198ac7fb9417356400463	0869b56516882b76480746977b910291017ea100
docs/research-data/thread-offsets-dart-3.12.txt	8043	4259cb0386f995e5eb85ac730f22a16623d20e922b9a04f82eec728f2f09d211	b702bbb6ce8b8b861cc1c7899882d3b9a871b2a9
docs/research-data/thread-offsets-dart-3.5.txt	7616	89880ec5da9d87029df12a0372ccf627496446d33e5719273d659ff6a873acf1	53e43fc632482d8f883a3a4595058c4b1ca83310
docs/resource-evidence/README.md	3146	43ac3598d645238ff03d6a655d8e8ee372d4438c531550337df507d4f203c430	35730273b6543bb117121c4947dcd23fa3eb23a1
docs/resource-evidence/SHA256SUMS	1164	664ed0dd4d79706015809f6b5cfc6361d1972fa7fe0293e4759948bf43d5ba94	f759cf814cb7562c72ffa7a38aede9a56466004f
docs/resource-evidence/audit.json	506	a6f34d25ae46edc668516d23d2916350eb8927b72b7a29555450fcc99f4a42db	a4fb1e320937a735863ecbefca2949a175c6de7a
docs/resource-evidence/binding.txt	683	b2a7e7b4df243aca8b482a0bf0069c069f0f1c7cc41a647e204af58ed3838b20	1b054cac4d68653e5fd3803b0a522d6c8d3ee57c
docs/resource-evidence/candidate.json	46245	a588d1e39097a499c3a72065eadcfc192aa5ce678962eb159975c41aab6b4e20	a993ab642825b49adf545b2576f6c04b442284ea
docs/resource-evidence/candidate.tsv	10136	29e1d059e6fd1c4a005ebd31a7c0fab12caecff5d8f400393b924d9448780665	2fe0d511256f90f496aa72770a546bf949cf72b4
docs/resource-evidence/cfg-plant.json	46273	e068f62e70f3c85d1c3cea28d2f61990705d34997a5681af55b5046163de130b	bcdd628cdbf3b08aa46dcfcd244a84a1b0126855
docs/resource-evidence/cfg-plant.tsv	10153	2f6766f5800122af882d45fcd4d6d031272a8e02a5d9516309bb0f8e37f51080	0dfe08971b495ce50c729d528db91cde30975828
docs/resource-evidence/emitter-plant.json	46266	c2971cc08835386b699791ae6ec581db55b3d9bfc0fa7df6fd6221a27cdef762	b5fb49a173d0f1087cf12dcd27cd4b007b0bc12f
docs/resource-evidence/emitter-plant.tsv	10138	da0eefc91e70e4cdb7e1ee25d066fb99ee78552a63111c83bc36ba6faff1cd4d	7d15b15337ff8e44a76eccb2b50b089a19d8ade0
docs/resource-evidence/manifest-candidate.json	9449	bfb167600ee186d4e360958348cc8892e3dee2620f9dcdeaf9fcd60c20fd3bc7	fb6616fc2b1b1cd2b39586da645ba91db7552ee6
docs/resource-evidence/manifest-reference.json	9449	bfb167600ee186d4e360958348cc8892e3dee2620f9dcdeaf9fcd60c20fd3bc7	fb6616fc2b1b1cd2b39586da645ba91db7552ee6
docs/resource-evidence/noop.json	46240	40c7862191e821370a547d8f79856d988b77e6c81f3c0a21e3e14713e6de61f8	3cbfd04836c928b11dde429ac71d91b931e862e7
docs/resource-evidence/noop.tsv	10136	dd0970f6a30fcd80577d48922876342ec8ffb5280aca2f9af871788122d50e77	d48b9e804c1017511b7ecc045bdcc4d19ad6b231
docs/resource-evidence/reference.json	46247	926eb36f3a0c3dec49fed9ea36914f35b41954e2a73412955e85d1ee3916d4ed	b5e1b73dd9977d25416573fbaa0af00b09c6aea6
docs/resource-evidence/reference.tsv	10138	c5b1bc0f278cf63257d83b3eeb09042e817c338ace8358ad05bc722b71dd6585	c387f681aa5fa1c4c0f5f8b48e72b23aa7e30728
