old_oid	post_repair_oid	citation	disposition
61e89fdf915f62e97a32df21385ee151a05690e6	be38db284e3b57eadbc906d92a4533a9e22cdb6b	docs/baseline-ir-cfg-emitter.md:403:  for 33 minutes 29 seconds, until `61e89fd`. No run recorded here touches that	retained-as-pre-repair-provenance
61e89fdf915f62e97a32df21385ee151a05690e6	be38db284e3b57eadbc906d92a4533a9e22cdb6b	docs/oracle-protocol-ir-cfg-emitter.md:695:| `61e89fd` | intermediate | `675099447f611dcfc89cd26046ba6e6a7fd04f3ff94be54113e3c787ed21e412` |	retained-as-pre-repair-provenance
61e89fdf915f62e97a32df21385ee151a05690e6	be38db284e3b57eadbc906d92a4533a9e22cdb6b	docs/oracle-protocol-ir-cfg-emitter.md:715:`1371e42` to `61e89fd`, digest `9d994285...` to `675099447f...`. Adds a clippy	retained-as-pre-repair-provenance
61e89fdf915f62e97a32df21385ee151a05690e6	be38db284e3b57eadbc906d92a4533a9e22cdb6b	docs/oracle-protocol-ir-cfg-emitter.md:717:paragraph explaining why they are needed. From `61e89fd` onward the harness is	retained-as-pre-repair-provenance
61e89fdf915f62e97a32df21385ee151a05690e6	be38db284e3b57eadbc906d92a4533a9e22cdb6b	docs/oracle-protocol-ir-cfg-emitter.md:730:`61e89fd` to `5bf6595`, digest `675099447f...` to `6ee0cdf976...`. Adds	retained-as-pre-repair-provenance
61e89fdf915f62e97a32df21385ee151a05690e6	be38db284e3b57eadbc906d92a4533a9e22cdb6b	docs/oracle-protocol-ir-cfg-emitter.md:815:   harness commits `61e89fd`, `5bf6595`, and `5f6a39f`, rather than landing as a	retained-as-pre-repair-provenance
61e89fdf915f62e97a32df21385ee151a05690e6	be38db284e3b57eadbc906d92a4533a9e22cdb6b	docs/research-ir-cfg-emitter.md:940:`61e89fd`.	retained-as-pre-repair-provenance
61e89fdf915f62e97a32df21385ee151a05690e6	be38db284e3b57eadbc906d92a4533a9e22cdb6b	docs/research-ir-cfg-emitter.md:1008:| `61e89fd` | 2026-08-18T05:32:32Z | closed: `exclude = ["crates/flutterdec-bench"]` |	retained-as-pre-repair-provenance
61e89fdf915f62e97a32df21385ee151a05690e6	be38db284e3b57eadbc906d92a4533a9e22cdb6b	docs/research-ir-cfg-emitter.md:1010:Elapsed 33 minutes 29 seconds. `4e8a9b2` is the parent of `61e89fd`	retained-as-pre-repair-provenance
61e89fdf915f62e97a32df21385ee151a05690e6	be38db284e3b57eadbc906d92a4533a9e22cdb6b	docs/research-ir-cfg-emitter.md:1011:(`git rev-parse 61e89fd^` is `4e8a9b2`), so the affected set is exactly one	retained-as-pre-repair-provenance
61e89fdf915f62e97a32df21385ee151a05690e6	be38db284e3b57eadbc906d92a4533a9e22cdb6b	docs/research-ir-cfg-emitter.md:1017:`git show --stat 61e89fd`, 8 files. One of them is the fix and four follow from	retained-as-pre-repair-provenance
61e89fdf915f62e97a32df21385ee151a05690e6	be38db284e3b57eadbc906d92a4533a9e22cdb6b	docs/research-ir-cfg-emitter.md:1030:The commit message of `61e89fd` states the defect and the fix in its own words.	retained-as-pre-repair-provenance
61e89fdf915f62e97a32df21385ee151a05690e6	be38db284e3b57eadbc906d92a4533a9e22cdb6b	docs/research-ir-cfg-emitter.md:1099:  2026-08-18T06:16:26Z, which is 43 minutes 54 seconds after `61e89fd`. There is	retained-as-pre-repair-provenance
61e89fdf915f62e97a32df21385ee151a05690e6	be38db284e3b57eadbc906d92a4533a9e22cdb6b	docs/research-ir-cfg-emitter.md:1134:`bench-spans` on, holds from `61e89fd` onward and not before it. It is a	retained-as-pre-repair-provenance
61e89fdf915f62e97a32df21385ee151a05690e6	be38db284e3b57eadbc906d92a4533a9e22cdb6b	docs/research-ir-cfg-emitter.md:1142:`61e89fd`, `5bf6595` and `5f6a39f`, all before baseline acceptance. That change	retained-as-pre-repair-provenance
5bf659564c6237532013c83227588f361fe1cbac	191209cb91a84f255b9c80edacebd5cab46866c8	docs/oracle-protocol-ir-cfg-emitter.md:696:| `5bf6595` | intermediate | `6ee0cdf976f4fe02c1b3bebb4495bd2dfe34dc1fbd431b1ce9b52201eebbf878` |	retained-as-pre-repair-provenance
5bf659564c6237532013c83227588f361fe1cbac	191209cb91a84f255b9c80edacebd5cab46866c8	docs/oracle-protocol-ir-cfg-emitter.md:730:`61e89fd` to `5bf6595`, digest `675099447f...` to `6ee0cdf976...`. Adds	retained-as-pre-repair-provenance
5bf659564c6237532013c83227588f361fe1cbac	191209cb91a84f255b9c80edacebd5cab46866c8	docs/oracle-protocol-ir-cfg-emitter.md:736:`5bf6595` to `5f6a39f`, digest `6ee0cdf976...` to `2f76a8b9...`. Adds	retained-as-pre-repair-provenance
5bf659564c6237532013c83227588f361fe1cbac	191209cb91a84f255b9c80edacebd5cab46866c8	docs/oracle-protocol-ir-cfg-emitter.md:815:   harness commits `61e89fd`, `5bf6595`, and `5f6a39f`, rather than landing as a	retained-as-pre-repair-provenance
5bf659564c6237532013c83227588f361fe1cbac	191209cb91a84f255b9c80edacebd5cab46866c8	docs/research-ir-cfg-emitter.md:1027:| `scripts/ci-check.sh` | follows: 14 lines adding the harness clippy and test lanes, since `--workspace` no longer reaches it; the fmt lane arrives at `5bf6595` |	retained-as-pre-repair-provenance
5bf659564c6237532013c83227588f361fe1cbac	191209cb91a84f255b9c80edacebd5cab46866c8	docs/research-ir-cfg-emitter.md:1142:`61e89fd`, `5bf6595` and `5f6a39f`, all before baseline acceptance. That change	retained-as-pre-repair-provenance
059c7b1c6fabd1fcc0be8fd1da984114bb178ca8	825c6e385cfae43b06ea0f323f5ab0450ccfcd93	docs/baseline-ir-cfg-emitter.md:8:This document replaces the baseline recorded at harness `059c7b1` in commit	retained-as-pre-repair-provenance
059c7b1c6fabd1fcc0be8fd1da984114bb178ca8	825c6e385cfae43b06ea0f323f5ab0450ccfcd93	docs/baseline-ir-cfg-emitter.md:253:At harness `059c7b1` these four cells read +0.011, +0.007, +0.016, +0.010 with	retained-as-pre-repair-provenance
059c7b1c6fabd1fcc0be8fd1da984114bb178ca8	825c6e385cfae43b06ea0f323f5ab0450ccfcd93	docs/baseline-ir-cfg-emitter.md:268:At `059c7b1` the same tables read 116 and 109 candidate-slower, with 20 of 28	retained-as-pre-repair-provenance
059c7b1c6fabd1fcc0be8fd1da984114bb178ca8	825c6e385cfae43b06ea0f323f5ab0450ccfcd93	docs/oracle-protocol-ir-cfg-emitter.md:697:| `059c7b1`, `e2e66a7` | unchanged | `6ee0cdf976f4fe02c1b3bebb4495bd2dfe34dc1fbd431b1ce9b52201eebbf878` |	retained-as-pre-repair-provenance
e2e66a7dd2fc2bc986b35fe921bce91b80ce750d	53e599208bf612ab767a3bb2ae33f364649e7260	docs/baseline-ir-cfg-emitter.md:9:`e2e66a7`. That run and the one before it are void, for reasons and with	retained-as-pre-repair-provenance
e2e66a7dd2fc2bc986b35fe921bce91b80ce750d	53e599208bf612ab767a3bb2ae33f364649e7260	docs/baseline-ir-cfg-emitter.md:50:`e2e66a7`, which touched `docs/README.md` and `docs/baseline-ir-cfg-emitter.md`,	retained-as-pre-repair-provenance
e2e66a7dd2fc2bc986b35fe921bce91b80ce750d	53e599208bf612ab767a3bb2ae33f364649e7260	docs/oracle-protocol-ir-cfg-emitter.md:697:| `059c7b1`, `e2e66a7` | unchanged | `6ee0cdf976f4fe02c1b3bebb4495bd2dfe34dc1fbd431b1ce9b52201eebbf878` |	retained-as-pre-repair-provenance
e2e66a7dd2fc2bc986b35fe921bce91b80ce750d	53e599208bf612ab767a3bb2ae33f364649e7260	docs/research-ir-cfg-emitter.md:1098:- The first commit that adds anything under `docs/baseline/` is `e2e66a7` at	retained-as-pre-repair-provenance
e2e66a7dd2fc2bc986b35fe921bce91b80ce750d	53e599208bf612ab767a3bb2ae33f364649e7260	docs/research-ir-cfg-emitter.md:1103:  `harness-b4b1d8c.patch` (added by `e2e66a7`, deleted by `af0bd4f`) and the	retained-as-pre-repair-provenance
5f6a39f7adf231fce9ec09852d3d57bcdd0a47b4	53e335d7adfdc1f1905d42e50d4678c55cafb886	docs/oracle-protocol-ir-cfg-emitter.md:698:| `5f6a39f` | third move, the value this record was written against | `2f76a8b9abac96db026386c0626d248ade81e9690e563cbaaa901b86472b4457` |	retained-as-pre-repair-provenance
5f6a39f7adf231fce9ec09852d3d57bcdd0a47b4	53e335d7adfdc1f1905d42e50d4678c55cafb886	docs/oracle-protocol-ir-cfg-emitter.md:736:`5bf6595` to `5f6a39f`, digest `6ee0cdf976...` to `2f76a8b9...`. Adds	retained-as-pre-repair-provenance
5f6a39f7adf231fce9ec09852d3d57bcdd0a47b4	53e335d7adfdc1f1905d42e50d4678c55cafb886	docs/oracle-protocol-ir-cfg-emitter.md:815:   harness commits `61e89fd`, `5bf6595`, and `5f6a39f`, rather than landing as a	retained-as-pre-repair-provenance
5f6a39f7adf231fce9ec09852d3d57bcdd0a47b4	53e335d7adfdc1f1905d42e50d4678c55cafb886	docs/oracle-protocol-ir-cfg-emitter.md:1006:| `5f6a39f` through `9757328` | prior, adjudicated in section 10 | `2f76a8b9abac96db026386c0626d248ade81e9690e563cbaaa901b86472b4457` |	retained-as-pre-repair-provenance
5f6a39f7adf231fce9ec09852d3d57bcdd0a47b4	53e335d7adfdc1f1905d42e50d4678c55cafb886	docs/research-ir-cfg-emitter.md:1142:`61e89fd`, `5bf6595` and `5f6a39f`, all before baseline acceptance. That change	retained-as-pre-repair-provenance
4c127aba4e74fb6f8d486c4cb066586bb0d74846	ede255ae36abd9e37573969686e44b7bd4467638	docs/baseline-ir-cfg-emitter.md:23:| Harness revision | `4c127aba4e74fb6f8d486c4cb066586bb0d74846` |	retained-as-pre-repair-provenance
4c127aba4e74fb6f8d486c4cb066586bb0d74846	ede255ae36abd9e37573969686e44b7bd4467638	docs/baseline-ir-cfg-emitter.md:27:| Patch generated by | `git diff 282a1b3 4c127ab -- . ':!docs'` |	retained-as-pre-repair-provenance
4c127aba4e74fb6f8d486c4cb066586bb0d74846	ede255ae36abd9e37573969686e44b7bd4467638	docs/baseline-ir-cfg-emitter.md:39:The patch filename is historical and remains unchanged; `4c127ab` has the same	retained-as-pre-repair-provenance
4c127aba4e74fb6f8d486c4cb066586bb0d74846	ede255ae36abd9e37573969686e44b7bd4467638	docs/baseline-ir-cfg-emitter.md:49:The patch excludes `docs/`. It has to: `282a1b3..4c127ab` now spans commit	retained-as-pre-repair-provenance
4c127aba4e74fb6f8d486c4cb066586bb0d74846	ede255ae36abd9e37573969686e44b7bd4467638	docs/baseline-ir-cfg-emitter.md:68:  --label "A/A aa-N harness 4c127ab"	retained-as-pre-repair-provenance
4c127aba4e74fb6f8d486c4cb066586bb0d74846	ede255ae36abd9e37573969686e44b7bd4467638	docs/baseline-ir-cfg-emitter.md:404:  revision: both runs bind `harness_ref 4c127ab`, the accepted patch carries the	retained-as-pre-repair-provenance
4c127aba4e74fb6f8d486c4cb066586bb0d74846	ede255ae36abd9e37573969686e44b7bd4467638	docs/final-performance/README.md:56:`4c127aba4e74fb6f8d486c4cb066586bb0d74846`, tree	retained-as-pre-repair-provenance
4c127aba4e74fb6f8d486c4cb066586bb0d74846	ede255ae36abd9e37573969686e44b7bd4467638	docs/final-performance/analyze-final.py:15:TIMING_HARNESS = "4c127aba4e74fb6f8d486c4cb066586bb0d74846"	retained-as-pre-repair-provenance
4c127aba4e74fb6f8d486c4cb066586bb0d74846	ede255ae36abd9e37573969686e44b7bd4467638	docs/final-performance/evidence/binding.txt:14:accepted_timing_harness_ref 4c127aba4e74fb6f8d486c4cb066586bb0d74846	retained-as-pre-repair-provenance
4c127aba4e74fb6f8d486c4cb066586bb0d74846	ede255ae36abd9e37573969686e44b7bd4467638	docs/final-performance/evidence/disclosed/timing/warmup-candidate.json:6:    "harness_ref": "4c127aba4e74fb6f8d486c4cb066586bb0d74846",	retained-as-pre-repair-provenance
4c127aba4e74fb6f8d486c4cb066586bb0d74846	ede255ae36abd9e37573969686e44b7bd4467638	docs/final-performance/evidence/disclosed/timing/warmup-candidate.json:17:    "command": "/home/camilo/flutterdec/.post-correctness-tmp/final-performance-run/bin/timing/candidate/flutterdec-bench run --matrix disclosed --warmups 3 --runs 0 --correctness on --product-ref 9b82e07fa62f97654aea5153d9fb6a2ef57a377a --harness-ref 4c127aba4e74fb6f8d486c4cb066586bb0d74846 --patch-sha256 14413796ca8a89cc1328497b5c87629b1c55f945ec58e73eebb3838df0700460 --binary-sha256 142253244fabb79894e9ab3622d93dc816623d92f8fa5dcbbc9a1b6b949046d5 --label final disclosed candidate warmup --out /home/camilo/flutterdec/.post-correctness-tmp/final-performance-run/disclosed/timing/warmup-candidate.json",	retained-as-pre-repair-provenance
4c127aba4e74fb6f8d486c4cb066586bb0d74846	ede255ae36abd9e37573969686e44b7bd4467638	docs/final-performance/evidence/disclosed/timing/warmup-reference.json:6:    "harness_ref": "4c127aba4e74fb6f8d486c4cb066586bb0d74846",	retained-as-pre-repair-provenance
4c127aba4e74fb6f8d486c4cb066586bb0d74846	ede255ae36abd9e37573969686e44b7bd4467638	docs/final-performance/evidence/disclosed/timing/warmup-reference.json:17:    "command": "/home/camilo/flutterdec/.post-correctness-tmp/final-performance-run/bin/timing/reference/flutterdec-bench run --matrix disclosed --warmups 3 --runs 0 --correctness on --product-ref 630ec442d951aac5704ae80287367912bfbfc388 --harness-ref 4c127aba4e74fb6f8d486c4cb066586bb0d74846 --patch-sha256 14413796ca8a89cc1328497b5c87629b1c55f945ec58e73eebb3838df0700460 --binary-sha256 3d336d0000b5b88dda101d58412660b8fb737a76ba5fe7643905191c3f6b2098 --label final disclosed reference warmup --out /home/camilo/flutterdec/.post-correctness-tmp/final-performance-run/disclosed/timing/warmup-reference.json",	retained-as-pre-repair-provenance
4c127aba4e74fb6f8d486c4cb066586bb0d74846	ede255ae36abd9e37573969686e44b7bd4467638	docs/final-performance/evidence/final-audit.json:2:  "accepted_timing_harness_ref": "4c127aba4e74fb6f8d486c4cb066586bb0d74846",	retained-as-pre-repair-provenance
4c127aba4e74fb6f8d486c4cb066586bb0d74846	ede255ae36abd9e37573969686e44b7bd4467638	docs/final-performance/evidence/held-out/timing/warmup-candidate.json:6:    "harness_ref": "4c127aba4e74fb6f8d486c4cb066586bb0d74846",	retained-as-pre-repair-provenance
4c127aba4e74fb6f8d486c4cb066586bb0d74846	ede255ae36abd9e37573969686e44b7bd4467638	docs/final-performance/evidence/held-out/timing/warmup-candidate.json:17:    "command": "/home/camilo/flutterdec/.post-correctness-tmp/final-performance-run/bin/timing/candidate/flutterdec-bench run --matrix held-out --held-out-seed 522fd89869ed6662b16def9f47e45194 --warmups 3 --runs 0 --correctness on --product-ref 9b82e07fa62f97654aea5153d9fb6a2ef57a377a --harness-ref 4c127aba4e74fb6f8d486c4cb066586bb0d74846 --patch-sha256 14413796ca8a89cc1328497b5c87629b1c55f945ec58e73eebb3838df0700460 --binary-sha256 142253244fabb79894e9ab3622d93dc816623d92f8fa5dcbbc9a1b6b949046d5 --label final held-out candidate warmup --out /home/camilo/flutterdec/.post-correctness-tmp/final-performance-run/held-out/timing/warmup-candidate.json",	retained-as-pre-repair-provenance
4c127aba4e74fb6f8d486c4cb066586bb0d74846	ede255ae36abd9e37573969686e44b7bd4467638	docs/final-performance/evidence/held-out/timing/warmup-reference.json:6:    "harness_ref": "4c127aba4e74fb6f8d486c4cb066586bb0d74846",	retained-as-pre-repair-provenance
4c127aba4e74fb6f8d486c4cb066586bb0d74846	ede255ae36abd9e37573969686e44b7bd4467638	docs/final-performance/evidence/held-out/timing/warmup-reference.json:17:    "command": "/home/camilo/flutterdec/.post-correctness-tmp/final-performance-run/bin/timing/reference/flutterdec-bench run --matrix held-out --held-out-seed 522fd89869ed6662b16def9f47e45194 --warmups 3 --runs 0 --correctness on --product-ref 630ec442d951aac5704ae80287367912bfbfc388 --harness-ref 4c127aba4e74fb6f8d486c4cb066586bb0d74846 --patch-sha256 14413796ca8a89cc1328497b5c87629b1c55f945ec58e73eebb3838df0700460 --binary-sha256 3d336d0000b5b88dda101d58412660b8fb737a76ba5fe7643905191c3f6b2098 --label final held-out reference warmup --out /home/camilo/flutterdec/.post-correctness-tmp/final-performance-run/held-out/timing/warmup-reference.json",	retained-as-pre-repair-provenance
4c127aba4e74fb6f8d486c4cb066586bb0d74846	ede255ae36abd9e37573969686e44b7bd4467638	docs/final-performance/finalize-existing.sh:14:timing_harness="4c127aba4e74fb6f8d486c4cb066586bb0d74846"	retained-as-pre-repair-provenance
4c127aba4e74fb6f8d486c4cb066586bb0d74846	ede255ae36abd9e37573969686e44b7bd4467638	docs/final-performance/run-final.sh:16:timing_harness="4c127aba4e74fb6f8d486c4cb066586bb0d74846"	retained-as-pre-repair-provenance
4c127aba4e74fb6f8d486c4cb066586bb0d74846	ede255ae36abd9e37573969686e44b7bd4467638	docs/oracle-protocol-ir-cfg-emitter.md:699:| `4c127ab` through `9757328` | unchanged, docs-only and harness-only commits | `2f76a8b9abac96db026386c0626d248ade81e9690e563cbaaa901b86472b4457` |	retained-as-pre-repair-provenance
4c127aba4e74fb6f8d486c4cb066586bb0d74846	ede255ae36abd9e37573969686e44b7bd4467638	docs/performance-profile/evidence/binding.txt:11:harness_ref                  4c127aba4e74fb6f8d486c4cb066586bb0d74846	retained-as-pre-repair-provenance
4c127aba4e74fb6f8d486c4cb066586bb0d74846	ede255ae36abd9e37573969686e44b7bd4467638	docs/post-correctness/README.md:23:revisions with timing harness `4c127aba4e74fb6f8d486c4cb066586bb0d74846`	retained-as-pre-repair-provenance
4c127aba4e74fb6f8d486c4cb066586bb0d74846	ede255ae36abd9e37573969686e44b7bd4467638	Binary file c2d514b595e05d0150ccc7a19c6454bb3443fb43:docs/post-correctness/__pycache__/refresh-attribution.cpython-313.pyc matches	retained-as-pre-repair-provenance
4c127aba4e74fb6f8d486c4cb066586bb0d74846	ede255ae36abd9e37573969686e44b7bd4467638	docs/post-correctness/evidence/binding.txt:5:harness_ref                4c127aba4e74fb6f8d486c4cb066586bb0d74846	retained-as-pre-repair-provenance
4c127aba4e74fb6f8d486c4cb066586bb0d74846	ede255ae36abd9e37573969686e44b7bd4467638	docs/post-correctness/evidence/raw/candidate-0.json:6:    "harness_ref": "4c127aba4e74fb6f8d486c4cb066586bb0d74846",	retained-as-pre-repair-provenance
4c127aba4e74fb6f8d486c4cb066586bb0d74846	ede255ae36abd9e37573969686e44b7bd4467638	docs/post-correctness/evidence/raw/candidate-0.json:17:    "command": "/home/camilo/flutterdec/.worker-tmp/valmetric5-rerun/run-output/bin/timing/candidate/flutterdec-bench run --matrix disclosed --warmups 0 --runs 1 --correctness off --product-ref 5ba4b6d30604606c04b5b742eaf9469adc1c729d --harness-ref 4c127aba4e74fb6f8d486c4cb066586bb0d74846 --patch-sha256 14413796ca8a89cc1328497b5c87629b1c55f945ec58e73eebb3838df0700460 --binary-sha256 ff696e5ed2857b17f30f7524aa57c246d959aa76eb9019d799820666f59532db --label post-correctness refresh candidate pair 0 second --out /home/camilo/flutterdec/.worker-tmp/valmetric5-rerun/run-output/raw/candidate-0.json --samples /home/camilo/flutterdec/.worker-tmp/valmetric5-rerun/run-output/raw/candidate-0.tsv",	retained-as-pre-repair-provenance
4c127aba4e74fb6f8d486c4cb066586bb0d74846	ede255ae36abd9e37573969686e44b7bd4467638	docs/post-correctness/evidence/raw/candidate-1.json:6:    "harness_ref": "4c127aba4e74fb6f8d486c4cb066586bb0d74846",	retained-as-pre-repair-provenance
4c127aba4e74fb6f8d486c4cb066586bb0d74846	ede255ae36abd9e37573969686e44b7bd4467638	docs/post-correctness/evidence/raw/candidate-1.json:17:    "command": "/home/camilo/flutterdec/.worker-tmp/valmetric5-rerun/run-output/bin/timing/candidate/flutterdec-bench run --matrix disclosed --warmups 0 --runs 1 --correctness off --product-ref 5ba4b6d30604606c04b5b742eaf9469adc1c729d --harness-ref 4c127aba4e74fb6f8d486c4cb066586bb0d74846 --patch-sha256 14413796ca8a89cc1328497b5c87629b1c55f945ec58e73eebb3838df0700460 --binary-sha256 ff696e5ed2857b17f30f7524aa57c246d959aa76eb9019d799820666f59532db --label post-correctness refresh candidate pair 1 first --out /home/camilo/flutterdec/.worker-tmp/valmetric5-rerun/run-output/raw/candidate-1.json --samples /home/camilo/flutterdec/.worker-tmp/valmetric5-rerun/run-output/raw/candidate-1.tsv",	retained-as-pre-repair-provenance
4c127aba4e74fb6f8d486c4cb066586bb0d74846	ede255ae36abd9e37573969686e44b7bd4467638	docs/post-correctness/evidence/raw/candidate-10.json:6:    "harness_ref": "4c127aba4e74fb6f8d486c4cb066586bb0d74846",	retained-as-pre-repair-provenance
4c127aba4e74fb6f8d486c4cb066586bb0d74846	ede255ae36abd9e37573969686e44b7bd4467638	docs/post-correctness/evidence/raw/candidate-10.json:17:    "command": "/home/camilo/flutterdec/.worker-tmp/valmetric5-rerun/run-output/bin/timing/candidate/flutterdec-bench run --matrix disclosed --warmups 0 --runs 1 --correctness off --product-ref 5ba4b6d30604606c04b5b742eaf9469adc1c729d --harness-ref 4c127aba4e74fb6f8d486c4cb066586bb0d74846 --patch-sha256 14413796ca8a89cc1328497b5c87629b1c55f945ec58e73eebb3838df0700460 --binary-sha256 ff696e5ed2857b17f30f7524aa57c246d959aa76eb9019d799820666f59532db --label post-correctness refresh candidate pair 10 second --out /home/camilo/flutterdec/.worker-tmp/valmetric5-rerun/run-output/raw/candidate-10.json --samples /home/camilo/flutterdec/.worker-tmp/valmetric5-rerun/run-output/raw/candidate-10.tsv",	retained-as-pre-repair-provenance
4c127aba4e74fb6f8d486c4cb066586bb0d74846	ede255ae36abd9e37573969686e44b7bd4467638	docs/post-correctness/evidence/raw/candidate-11.json:6:    "harness_ref": "4c127aba4e74fb6f8d486c4cb066586bb0d74846",	retained-as-pre-repair-provenance
4c127aba4e74fb6f8d486c4cb066586bb0d74846	ede255ae36abd9e37573969686e44b7bd4467638	docs/post-correctness/evidence/raw/candidate-11.json:17:    "command": "/home/camilo/flutterdec/.worker-tmp/valmetric5-rerun/run-output/bin/timing/candidate/flutterdec-bench run --matrix disclosed --warmups 0 --runs 1 --correctness off --product-ref 5ba4b6d30604606c04b5b742eaf9469adc1c729d --harness-ref 4c127aba4e74fb6f8d486c4cb066586bb0d74846 --patch-sha256 14413796ca8a89cc1328497b5c87629b1c55f945ec58e73eebb3838df0700460 --binary-sha256 ff696e5ed2857b17f30f7524aa57c246d959aa76eb9019d799820666f59532db --label post-correctness refresh candidate pair 11 first --out /home/camilo/flutterdec/.worker-tmp/valmetric5-rerun/run-output/raw/candidate-11.json --samples /home/camilo/flutterdec/.worker-tmp/valmetric5-rerun/run-output/raw/candidate-11.tsv",	retained-as-pre-repair-provenance
4c127aba4e74fb6f8d486c4cb066586bb0d74846	ede255ae36abd9e37573969686e44b7bd4467638	docs/post-correctness/evidence/raw/candidate-12.json:6:    "harness_ref": "4c127aba4e74fb6f8d486c4cb066586bb0d74846",	retained-as-pre-repair-provenance
4c127aba4e74fb6f8d486c4cb066586bb0d74846	ede255ae36abd9e37573969686e44b7bd4467638	docs/post-correctness/evidence/raw/candidate-12.json:17:    "command": "/home/camilo/flutterdec/.worker-tmp/valmetric5-rerun/run-output/bin/timing/candidate/flutterdec-bench run --matrix disclosed --warmups 0 --runs 1 --correctness off --product-ref 5ba4b6d30604606c04b5b742eaf9469adc1c729d --harness-ref 4c127aba4e74fb6f8d486c4cb066586bb0d74846 --patch-sha256 14413796ca8a89cc1328497b5c87629b1c55f945ec58e73eebb3838df0700460 --binary-sha256 ff696e5ed2857b17f30f7524aa57c246d959aa76eb9019d799820666f59532db --label post-correctness refresh candidate pair 12 second --out /home/camilo/flutterdec/.worker-tmp/valmetric5-rerun/run-output/raw/candidate-12.json --samples /home/camilo/flutterdec/.worker-tmp/valmetric5-rerun/run-output/raw/candidate-12.tsv",	retained-as-pre-repair-provenance
4c127aba4e74fb6f8d486c4cb066586bb0d74846	ede255ae36abd9e37573969686e44b7bd4467638	docs/post-correctness/evidence/raw/candidate-13.json:6:    "harness_ref": "4c127aba4e74fb6f8d486c4cb066586bb0d74846",	retained-as-pre-repair-provenance
4c127aba4e74fb6f8d486c4cb066586bb0d74846	ede255ae36abd9e37573969686e44b7bd4467638	docs/post-correctness/evidence/raw/candidate-13.json:17:    "command": "/home/camilo/flutterdec/.worker-tmp/valmetric5-rerun/run-output/bin/timing/candidate/flutterdec-bench run --matrix disclosed --warmups 0 --runs 1 --correctness off --product-ref 5ba4b6d30604606c04b5b742eaf9469adc1c729d --harness-ref 4c127aba4e74fb6f8d486c4cb066586bb0d74846 --patch-sha256 14413796ca8a89cc1328497b5c87629b1c55f945ec58e73eebb3838df0700460 --binary-sha256 ff696e5ed2857b17f30f7524aa57c246d959aa76eb9019d799820666f59532db --label post-correctness refresh candidate pair 13 first --out /home/camilo/flutterdec/.worker-tmp/valmetric5-rerun/run-output/raw/candidate-13.json --samples /home/camilo/flutterdec/.worker-tmp/valmetric5-rerun/run-output/raw/candidate-13.tsv",	retained-as-pre-repair-provenance
4c127aba4e74fb6f8d486c4cb066586bb0d74846	ede255ae36abd9e37573969686e44b7bd4467638	docs/post-correctness/evidence/raw/candidate-14.json:6:    "harness_ref": "4c127aba4e74fb6f8d486c4cb066586bb0d74846",	retained-as-pre-repair-provenance
4c127aba4e74fb6f8d486c4cb066586bb0d74846	ede255ae36abd9e37573969686e44b7bd4467638	docs/post-correctness/evidence/raw/candidate-14.json:17:    "command": "/home/camilo/flutterdec/.worker-tmp/valmetric5-rerun/run-output/bin/timing/candidate/flutterdec-bench run --matrix disclosed --warmups 0 --runs 1 --correctness off --product-ref 5ba4b6d30604606c04b5b742eaf9469adc1c729d --harness-ref 4c127aba4e74fb6f8d486c4cb066586bb0d74846 --patch-sha256 14413796ca8a89cc1328497b5c87629b1c55f945ec58e73eebb3838df0700460 --binary-sha256 ff696e5ed2857b17f30f7524aa57c246d959aa76eb9019d799820666f59532db --label post-correctness refresh candidate pair 14 second --out /home/camilo/flutterdec/.worker-tmp/valmetric5-rerun/run-output/raw/candidate-14.json --samples /home/camilo/flutterdec/.worker-tmp/valmetric5-rerun/run-output/raw/candidate-14.tsv",	retained-as-pre-repair-provenance
4c127aba4e74fb6f8d486c4cb066586bb0d74846	ede255ae36abd9e37573969686e44b7bd4467638	docs/post-correctness/evidence/raw/candidate-2.json:6:    "harness_ref": "4c127aba4e74fb6f8d486c4cb066586bb0d74846",	retained-as-pre-repair-provenance
4c127aba4e74fb6f8d486c4cb066586bb0d74846	ede255ae36abd9e37573969686e44b7bd4467638	docs/post-correctness/evidence/raw/candidate-2.json:17:    "command": "/home/camilo/flutterdec/.worker-tmp/valmetric5-rerun/run-output/bin/timing/candidate/flutterdec-bench run --matrix disclosed --warmups 0 --runs 1 --correctness off --product-ref 5ba4b6d30604606c04b5b742eaf9469adc1c729d --harness-ref 4c127aba4e74fb6f8d486c4cb066586bb0d74846 --patch-sha256 14413796ca8a89cc1328497b5c87629b1c55f945ec58e73eebb3838df0700460 --binary-sha256 ff696e5ed2857b17f30f7524aa57c246d959aa76eb9019d799820666f59532db --label post-correctness refresh candidate pair 2 second --out /home/camilo/flutterdec/.worker-tmp/valmetric5-rerun/run-output/raw/candidate-2.json --samples /home/camilo/flutterdec/.worker-tmp/valmetric5-rerun/run-output/raw/candidate-2.tsv",	retained-as-pre-repair-provenance
4c127aba4e74fb6f8d486c4cb066586bb0d74846	ede255ae36abd9e37573969686e44b7bd4467638	docs/post-correctness/evidence/raw/candidate-3.json:6:    "harness_ref": "4c127aba4e74fb6f8d486c4cb066586bb0d74846",	retained-as-pre-repair-provenance
4c127aba4e74fb6f8d486c4cb066586bb0d74846	ede255ae36abd9e37573969686e44b7bd4467638	docs/post-correctness/evidence/raw/candidate-3.json:17:    "command": "/home/camilo/flutterdec/.worker-tmp/valmetric5-rerun/run-output/bin/timing/candidate/flutterdec-bench run --matrix disclosed --warmups 0 --runs 1 --correctness off --product-ref 5ba4b6d30604606c04b5b742eaf9469adc1c729d --harness-ref 4c127aba4e74fb6f8d486c4cb066586bb0d74846 --patch-sha256 14413796ca8a89cc1328497b5c87629b1c55f945ec58e73eebb3838df0700460 --binary-sha256 ff696e5ed2857b17f30f7524aa57c246d959aa76eb9019d799820666f59532db --label post-correctness refresh candidate pair 3 first --out /home/camilo/flutterdec/.worker-tmp/valmetric5-rerun/run-output/raw/candidate-3.json --samples /home/camilo/flutterdec/.worker-tmp/valmetric5-rerun/run-output/raw/candidate-3.tsv",	retained-as-pre-repair-provenance
4c127aba4e74fb6f8d486c4cb066586bb0d74846	ede255ae36abd9e37573969686e44b7bd4467638	docs/post-correctness/evidence/raw/candidate-4.json:6:    "harness_ref": "4c127aba4e74fb6f8d486c4cb066586bb0d74846",	retained-as-pre-repair-provenance
4c127aba4e74fb6f8d486c4cb066586bb0d74846	ede255ae36abd9e37573969686e44b7bd4467638	docs/post-correctness/evidence/raw/candidate-4.json:17:    "command": "/home/camilo/flutterdec/.worker-tmp/valmetric5-rerun/run-output/bin/timing/candidate/flutterdec-bench run --matrix disclosed --warmups 0 --runs 1 --correctness off --product-ref 5ba4b6d30604606c04b5b742eaf9469adc1c729d --harness-ref 4c127aba4e74fb6f8d486c4cb066586bb0d74846 --patch-sha256 14413796ca8a89cc1328497b5c87629b1c55f945ec58e73eebb3838df0700460 --binary-sha256 ff696e5ed2857b17f30f7524aa57c246d959aa76eb9019d799820666f59532db --label post-correctness refresh candidate pair 4 second --out /home/camilo/flutterdec/.worker-tmp/valmetric5-rerun/run-output/raw/candidate-4.json --samples /home/camilo/flutterdec/.worker-tmp/valmetric5-rerun/run-output/raw/candidate-4.tsv",	retained-as-pre-repair-provenance
4c127aba4e74fb6f8d486c4cb066586bb0d74846	ede255ae36abd9e37573969686e44b7bd4467638	docs/post-correctness/evidence/raw/candidate-5.json:6:    "harness_ref": "4c127aba4e74fb6f8d486c4cb066586bb0d74846",	retained-as-pre-repair-provenance
4c127aba4e74fb6f8d486c4cb066586bb0d74846	ede255ae36abd9e37573969686e44b7bd4467638	docs/post-correctness/evidence/raw/candidate-5.json:17:    "command": "/home/camilo/flutterdec/.worker-tmp/valmetric5-rerun/run-output/bin/timing/candidate/flutterdec-bench run --matrix disclosed --warmups 0 --runs 1 --correctness off --product-ref 5ba4b6d30604606c04b5b742eaf9469adc1c729d --harness-ref 4c127aba4e74fb6f8d486c4cb066586bb0d74846 --patch-sha256 14413796ca8a89cc1328497b5c87629b1c55f945ec58e73eebb3838df0700460 --binary-sha256 ff696e5ed2857b17f30f7524aa57c246d959aa76eb9019d799820666f59532db --label post-correctness refresh candidate pair 5 first --out /home/camilo/flutterdec/.worker-tmp/valmetric5-rerun/run-output/raw/candidate-5.json --samples /home/camilo/flutterdec/.worker-tmp/valmetric5-rerun/run-output/raw/candidate-5.tsv",	retained-as-pre-repair-provenance
4c127aba4e74fb6f8d486c4cb066586bb0d74846	ede255ae36abd9e37573969686e44b7bd4467638	docs/post-correctness/evidence/raw/candidate-6.json:6:    "harness_ref": "4c127aba4e74fb6f8d486c4cb066586bb0d74846",	retained-as-pre-repair-provenance
4c127aba4e74fb6f8d486c4cb066586bb0d74846	ede255ae36abd9e37573969686e44b7bd4467638	docs/post-correctness/evidence/raw/candidate-6.json:17:    "command": "/home/camilo/flutterdec/.worker-tmp/valmetric5-rerun/run-output/bin/timing/candidate/flutterdec-bench run --matrix disclosed --warmups 0 --runs 1 --correctness off --product-ref 5ba4b6d30604606c04b5b742eaf9469adc1c729d --harness-ref 4c127aba4e74fb6f8d486c4cb066586bb0d74846 --patch-sha256 14413796ca8a89cc1328497b5c87629b1c55f945ec58e73eebb3838df0700460 --binary-sha256 ff696e5ed2857b17f30f7524aa57c246d959aa76eb9019d799820666f59532db --label post-correctness refresh candidate pair 6 second --out /home/camilo/flutterdec/.worker-tmp/valmetric5-rerun/run-output/raw/candidate-6.json --samples /home/camilo/flutterdec/.worker-tmp/valmetric5-rerun/run-output/raw/candidate-6.tsv",	retained-as-pre-repair-provenance
4c127aba4e74fb6f8d486c4cb066586bb0d74846	ede255ae36abd9e37573969686e44b7bd4467638	docs/post-correctness/evidence/raw/candidate-7.json:6:    "harness_ref": "4c127aba4e74fb6f8d486c4cb066586bb0d74846",	retained-as-pre-repair-provenance
4c127aba4e74fb6f8d486c4cb066586bb0d74846	ede255ae36abd9e37573969686e44b7bd4467638	docs/post-correctness/evidence/raw/candidate-7.json:17:    "command": "/home/camilo/flutterdec/.worker-tmp/valmetric5-rerun/run-output/bin/timing/candidate/flutterdec-bench run --matrix disclosed --warmups 0 --runs 1 --correctness off --product-ref 5ba4b6d30604606c04b5b742eaf9469adc1c729d --harness-ref 4c127aba4e74fb6f8d486c4cb066586bb0d74846 --patch-sha256 14413796ca8a89cc1328497b5c87629b1c55f945ec58e73eebb3838df0700460 --binary-sha256 ff696e5ed2857b17f30f7524aa57c246d959aa76eb9019d799820666f59532db --label post-correctness refresh candidate pair 7 first --out /home/camilo/flutterdec/.worker-tmp/valmetric5-rerun/run-output/raw/candidate-7.json --samples /home/camilo/flutterdec/.worker-tmp/valmetric5-rerun/run-output/raw/candidate-7.tsv",	retained-as-pre-repair-provenance
4c127aba4e74fb6f8d486c4cb066586bb0d74846	ede255ae36abd9e37573969686e44b7bd4467638	docs/post-correctness/evidence/raw/candidate-8.json:6:    "harness_ref": "4c127aba4e74fb6f8d486c4cb066586bb0d74846",	retained-as-pre-repair-provenance
4c127aba4e74fb6f8d486c4cb066586bb0d74846	ede255ae36abd9e37573969686e44b7bd4467638	docs/post-correctness/evidence/raw/candidate-8.json:17:    "command": "/home/camilo/flutterdec/.worker-tmp/valmetric5-rerun/run-output/bin/timing/candidate/flutterdec-bench run --matrix disclosed --warmups 0 --runs 1 --correctness off --product-ref 5ba4b6d30604606c04b5b742eaf9469adc1c729d --harness-ref 4c127aba4e74fb6f8d486c4cb066586bb0d74846 --patch-sha256 14413796ca8a89cc1328497b5c87629b1c55f945ec58e73eebb3838df0700460 --binary-sha256 ff696e5ed2857b17f30f7524aa57c246d959aa76eb9019d799820666f59532db --label post-correctness refresh candidate pair 8 second --out /home/camilo/flutterdec/.worker-tmp/valmetric5-rerun/run-output/raw/candidate-8.json --samples /home/camilo/flutterdec/.worker-tmp/valmetric5-rerun/run-output/raw/candidate-8.tsv",	retained-as-pre-repair-provenance
4c127aba4e74fb6f8d486c4cb066586bb0d74846	ede255ae36abd9e37573969686e44b7bd4467638	docs/post-correctness/evidence/raw/candidate-9.json:6:    "harness_ref": "4c127aba4e74fb6f8d486c4cb066586bb0d74846",	retained-as-pre-repair-provenance
4c127aba4e74fb6f8d486c4cb066586bb0d74846	ede255ae36abd9e37573969686e44b7bd4467638	docs/post-correctness/evidence/raw/candidate-9.json:17:    "command": "/home/camilo/flutterdec/.worker-tmp/valmetric5-rerun/run-output/bin/timing/candidate/flutterdec-bench run --matrix disclosed --warmups 0 --runs 1 --correctness off --product-ref 5ba4b6d30604606c04b5b742eaf9469adc1c729d --harness-ref 4c127aba4e74fb6f8d486c4cb066586bb0d74846 --patch-sha256 14413796ca8a89cc1328497b5c87629b1c55f945ec58e73eebb3838df0700460 --binary-sha256 ff696e5ed2857b17f30f7524aa57c246d959aa76eb9019d799820666f59532db --label post-correctness refresh candidate pair 9 first --out /home/camilo/flutterdec/.worker-tmp/valmetric5-rerun/run-output/raw/candidate-9.json --samples /home/camilo/flutterdec/.worker-tmp/valmetric5-rerun/run-output/raw/candidate-9.tsv",	retained-as-pre-repair-provenance
4c127aba4e74fb6f8d486c4cb066586bb0d74846	ede255ae36abd9e37573969686e44b7bd4467638	docs/post-correctness/evidence/raw/reference-0.json:6:    "harness_ref": "4c127aba4e74fb6f8d486c4cb066586bb0d74846",	retained-as-pre-repair-provenance
4c127aba4e74fb6f8d486c4cb066586bb0d74846	ede255ae36abd9e37573969686e44b7bd4467638	docs/post-correctness/evidence/raw/reference-0.json:17:    "command": "/home/camilo/flutterdec/.worker-tmp/valmetric5-rerun/run-output/bin/timing/reference/flutterdec-bench run --matrix disclosed --warmups 0 --runs 1 --correctness off --product-ref 1371e42549472ec388f58bc1fd5dbdf96e8dcdd1 --harness-ref 4c127aba4e74fb6f8d486c4cb066586bb0d74846 --patch-sha256 14413796ca8a89cc1328497b5c87629b1c55f945ec58e73eebb3838df0700460 --binary-sha256 0676036bfcf58abb4f71c2e04111ef63c6506e5016e365b228886eee590d25cf --label post-correctness refresh reference pair 0 first --out /home/camilo/flutterdec/.worker-tmp/valmetric5-rerun/run-output/raw/reference-0.json --samples /home/camilo/flutterdec/.worker-tmp/valmetric5-rerun/run-output/raw/reference-0.tsv",	retained-as-pre-repair-provenance
4c127aba4e74fb6f8d486c4cb066586bb0d74846	ede255ae36abd9e37573969686e44b7bd4467638	docs/post-correctness/evidence/raw/reference-1.json:6:    "harness_ref": "4c127aba4e74fb6f8d486c4cb066586bb0d74846",	retained-as-pre-repair-provenance
4c127aba4e74fb6f8d486c4cb066586bb0d74846	ede255ae36abd9e37573969686e44b7bd4467638	docs/post-correctness/evidence/raw/reference-1.json:17:    "command": "/home/camilo/flutterdec/.worker-tmp/valmetric5-rerun/run-output/bin/timing/reference/flutterdec-bench run --matrix disclosed --warmups 0 --runs 1 --correctness off --product-ref 1371e42549472ec388f58bc1fd5dbdf96e8dcdd1 --harness-ref 4c127aba4e74fb6f8d486c4cb066586bb0d74846 --patch-sha256 14413796ca8a89cc1328497b5c87629b1c55f945ec58e73eebb3838df0700460 --binary-sha256 0676036bfcf58abb4f71c2e04111ef63c6506e5016e365b228886eee590d25cf --label post-correctness refresh reference pair 1 second --out /home/camilo/flutterdec/.worker-tmp/valmetric5-rerun/run-output/raw/reference-1.json --samples /home/camilo/flutterdec/.worker-tmp/valmetric5-rerun/run-output/raw/reference-1.tsv",	retained-as-pre-repair-provenance
4c127aba4e74fb6f8d486c4cb066586bb0d74846	ede255ae36abd9e37573969686e44b7bd4467638	docs/post-correctness/evidence/raw/reference-10.json:6:    "harness_ref": "4c127aba4e74fb6f8d486c4cb066586bb0d74846",	retained-as-pre-repair-provenance
4c127aba4e74fb6f8d486c4cb066586bb0d74846	ede255ae36abd9e37573969686e44b7bd4467638	docs/post-correctness/evidence/raw/reference-10.json:17:    "command": "/home/camilo/flutterdec/.worker-tmp/valmetric5-rerun/run-output/bin/timing/reference/flutterdec-bench run --matrix disclosed --warmups 0 --runs 1 --correctness off --product-ref 1371e42549472ec388f58bc1fd5dbdf96e8dcdd1 --harness-ref 4c127aba4e74fb6f8d486c4cb066586bb0d74846 --patch-sha256 14413796ca8a89cc1328497b5c87629b1c55f945ec58e73eebb3838df0700460 --binary-sha256 0676036bfcf58abb4f71c2e04111ef63c6506e5016e365b228886eee590d25cf --label post-correctness refresh reference pair 10 first --out /home/camilo/flutterdec/.worker-tmp/valmetric5-rerun/run-output/raw/reference-10.json --samples /home/camilo/flutterdec/.worker-tmp/valmetric5-rerun/run-output/raw/reference-10.tsv",	retained-as-pre-repair-provenance
4c127aba4e74fb6f8d486c4cb066586bb0d74846	ede255ae36abd9e37573969686e44b7bd4467638	docs/post-correctness/evidence/raw/reference-11.json:6:    "harness_ref": "4c127aba4e74fb6f8d486c4cb066586bb0d74846",	retained-as-pre-repair-provenance
4c127aba4e74fb6f8d486c4cb066586bb0d74846	ede255ae36abd9e37573969686e44b7bd4467638	docs/post-correctness/evidence/raw/reference-11.json:17:    "command": "/home/camilo/flutterdec/.worker-tmp/valmetric5-rerun/run-output/bin/timing/reference/flutterdec-bench run --matrix disclosed --warmups 0 --runs 1 --correctness off --product-ref 1371e42549472ec388f58bc1fd5dbdf96e8dcdd1 --harness-ref 4c127aba4e74fb6f8d486c4cb066586bb0d74846 --patch-sha256 14413796ca8a89cc1328497b5c87629b1c55f945ec58e73eebb3838df0700460 --binary-sha256 0676036bfcf58abb4f71c2e04111ef63c6506e5016e365b228886eee590d25cf --label post-correctness refresh reference pair 11 second --out /home/camilo/flutterdec/.worker-tmp/valmetric5-rerun/run-output/raw/reference-11.json --samples /home/camilo/flutterdec/.worker-tmp/valmetric5-rerun/run-output/raw/reference-11.tsv",	retained-as-pre-repair-provenance
4c127aba4e74fb6f8d486c4cb066586bb0d74846	ede255ae36abd9e37573969686e44b7bd4467638	docs/post-correctness/evidence/raw/reference-12.json:6:    "harness_ref": "4c127aba4e74fb6f8d486c4cb066586bb0d74846",	retained-as-pre-repair-provenance
4c127aba4e74fb6f8d486c4cb066586bb0d74846	ede255ae36abd9e37573969686e44b7bd4467638	docs/post-correctness/evidence/raw/reference-12.json:17:    "command": "/home/camilo/flutterdec/.worker-tmp/valmetric5-rerun/run-output/bin/timing/reference/flutterdec-bench run --matrix disclosed --warmups 0 --runs 1 --correctness off --product-ref 1371e42549472ec388f58bc1fd5dbdf96e8dcdd1 --harness-ref 4c127aba4e74fb6f8d486c4cb066586bb0d74846 --patch-sha256 14413796ca8a89cc1328497b5c87629b1c55f945ec58e73eebb3838df0700460 --binary-sha256 0676036bfcf58abb4f71c2e04111ef63c6506e5016e365b228886eee590d25cf --label post-correctness refresh reference pair 12 first --out /home/camilo/flutterdec/.worker-tmp/valmetric5-rerun/run-output/raw/reference-12.json --samples /home/camilo/flutterdec/.worker-tmp/valmetric5-rerun/run-output/raw/reference-12.tsv",	retained-as-pre-repair-provenance
4c127aba4e74fb6f8d486c4cb066586bb0d74846	ede255ae36abd9e37573969686e44b7bd4467638	docs/post-correctness/evidence/raw/reference-13.json:6:    "harness_ref": "4c127aba4e74fb6f8d486c4cb066586bb0d74846",	retained-as-pre-repair-provenance
4c127aba4e74fb6f8d486c4cb066586bb0d74846	ede255ae36abd9e37573969686e44b7bd4467638	docs/post-correctness/evidence/raw/reference-13.json:17:    "command": "/home/camilo/flutterdec/.worker-tmp/valmetric5-rerun/run-output/bin/timing/reference/flutterdec-bench run --matrix disclosed --warmups 0 --runs 1 --correctness off --product-ref 1371e42549472ec388f58bc1fd5dbdf96e8dcdd1 --harness-ref 4c127aba4e74fb6f8d486c4cb066586bb0d74846 --patch-sha256 14413796ca8a89cc1328497b5c87629b1c55f945ec58e73eebb3838df0700460 --binary-sha256 0676036bfcf58abb4f71c2e04111ef63c6506e5016e365b228886eee590d25cf --label post-correctness refresh reference pair 13 second --out /home/camilo/flutterdec/.worker-tmp/valmetric5-rerun/run-output/raw/reference-13.json --samples /home/camilo/flutterdec/.worker-tmp/valmetric5-rerun/run-output/raw/reference-13.tsv",	retained-as-pre-repair-provenance
4c127aba4e74fb6f8d486c4cb066586bb0d74846	ede255ae36abd9e37573969686e44b7bd4467638	docs/post-correctness/evidence/raw/reference-14.json:6:    "harness_ref": "4c127aba4e74fb6f8d486c4cb066586bb0d74846",	retained-as-pre-repair-provenance
4c127aba4e74fb6f8d486c4cb066586bb0d74846	ede255ae36abd9e37573969686e44b7bd4467638	docs/post-correctness/evidence/raw/reference-14.json:17:    "command": "/home/camilo/flutterdec/.worker-tmp/valmetric5-rerun/run-output/bin/timing/reference/flutterdec-bench run --matrix disclosed --warmups 0 --runs 1 --correctness off --product-ref 1371e42549472ec388f58bc1fd5dbdf96e8dcdd1 --harness-ref 4c127aba4e74fb6f8d486c4cb066586bb0d74846 --patch-sha256 14413796ca8a89cc1328497b5c87629b1c55f945ec58e73eebb3838df0700460 --binary-sha256 0676036bfcf58abb4f71c2e04111ef63c6506e5016e365b228886eee590d25cf --label post-correctness refresh reference pair 14 first --out /home/camilo/flutterdec/.worker-tmp/valmetric5-rerun/run-output/raw/reference-14.json --samples /home/camilo/flutterdec/.worker-tmp/valmetric5-rerun/run-output/raw/reference-14.tsv",	retained-as-pre-repair-provenance
4c127aba4e74fb6f8d486c4cb066586bb0d74846	ede255ae36abd9e37573969686e44b7bd4467638	docs/post-correctness/evidence/raw/reference-2.json:6:    "harness_ref": "4c127aba4e74fb6f8d486c4cb066586bb0d74846",	retained-as-pre-repair-provenance
4c127aba4e74fb6f8d486c4cb066586bb0d74846	ede255ae36abd9e37573969686e44b7bd4467638	docs/post-correctness/evidence/raw/reference-2.json:17:    "command": "/home/camilo/flutterdec/.worker-tmp/valmetric5-rerun/run-output/bin/timing/reference/flutterdec-bench run --matrix disclosed --warmups 0 --runs 1 --correctness off --product-ref 1371e42549472ec388f58bc1fd5dbdf96e8dcdd1 --harness-ref 4c127aba4e74fb6f8d486c4cb066586bb0d74846 --patch-sha256 14413796ca8a89cc1328497b5c87629b1c55f945ec58e73eebb3838df0700460 --binary-sha256 0676036bfcf58abb4f71c2e04111ef63c6506e5016e365b228886eee590d25cf --label post-correctness refresh reference pair 2 first --out /home/camilo/flutterdec/.worker-tmp/valmetric5-rerun/run-output/raw/reference-2.json --samples /home/camilo/flutterdec/.worker-tmp/valmetric5-rerun/run-output/raw/reference-2.tsv",	retained-as-pre-repair-provenance
4c127aba4e74fb6f8d486c4cb066586bb0d74846	ede255ae36abd9e37573969686e44b7bd4467638	docs/post-correctness/evidence/raw/reference-3.json:6:    "harness_ref": "4c127aba4e74fb6f8d486c4cb066586bb0d74846",	retained-as-pre-repair-provenance
4c127aba4e74fb6f8d486c4cb066586bb0d74846	ede255ae36abd9e37573969686e44b7bd4467638	docs/post-correctness/evidence/raw/reference-3.json:17:    "command": "/home/camilo/flutterdec/.worker-tmp/valmetric5-rerun/run-output/bin/timing/reference/flutterdec-bench run --matrix disclosed --warmups 0 --runs 1 --correctness off --product-ref 1371e42549472ec388f58bc1fd5dbdf96e8dcdd1 --harness-ref 4c127aba4e74fb6f8d486c4cb066586bb0d74846 --patch-sha256 14413796ca8a89cc1328497b5c87629b1c55f945ec58e73eebb3838df0700460 --binary-sha256 0676036bfcf58abb4f71c2e04111ef63c6506e5016e365b228886eee590d25cf --label post-correctness refresh reference pair 3 second --out /home/camilo/flutterdec/.worker-tmp/valmetric5-rerun/run-output/raw/reference-3.json --samples /home/camilo/flutterdec/.worker-tmp/valmetric5-rerun/run-output/raw/reference-3.tsv",	retained-as-pre-repair-provenance
4c127aba4e74fb6f8d486c4cb066586bb0d74846	ede255ae36abd9e37573969686e44b7bd4467638	docs/post-correctness/evidence/raw/reference-4.json:6:    "harness_ref": "4c127aba4e74fb6f8d486c4cb066586bb0d74846",	retained-as-pre-repair-provenance
4c127aba4e74fb6f8d486c4cb066586bb0d74846	ede255ae36abd9e37573969686e44b7bd4467638	docs/post-correctness/evidence/raw/reference-4.json:17:    "command": "/home/camilo/flutterdec/.worker-tmp/valmetric5-rerun/run-output/bin/timing/reference/flutterdec-bench run --matrix disclosed --warmups 0 --runs 1 --correctness off --product-ref 1371e42549472ec388f58bc1fd5dbdf96e8dcdd1 --harness-ref 4c127aba4e74fb6f8d486c4cb066586bb0d74846 --patch-sha256 14413796ca8a89cc1328497b5c87629b1c55f945ec58e73eebb3838df0700460 --binary-sha256 0676036bfcf58abb4f71c2e04111ef63c6506e5016e365b228886eee590d25cf --label post-correctness refresh reference pair 4 first --out /home/camilo/flutterdec/.worker-tmp/valmetric5-rerun/run-output/raw/reference-4.json --samples /home/camilo/flutterdec/.worker-tmp/valmetric5-rerun/run-output/raw/reference-4.tsv",	retained-as-pre-repair-provenance
4c127aba4e74fb6f8d486c4cb066586bb0d74846	ede255ae36abd9e37573969686e44b7bd4467638	docs/post-correctness/evidence/raw/reference-5.json:6:    "harness_ref": "4c127aba4e74fb6f8d486c4cb066586bb0d74846",	retained-as-pre-repair-provenance
4c127aba4e74fb6f8d486c4cb066586bb0d74846	ede255ae36abd9e37573969686e44b7bd4467638	docs/post-correctness/evidence/raw/reference-5.json:17:    "command": "/home/camilo/flutterdec/.worker-tmp/valmetric5-rerun/run-output/bin/timing/reference/flutterdec-bench run --matrix disclosed --warmups 0 --runs 1 --correctness off --product-ref 1371e42549472ec388f58bc1fd5dbdf96e8dcdd1 --harness-ref 4c127aba4e74fb6f8d486c4cb066586bb0d74846 --patch-sha256 14413796ca8a89cc1328497b5c87629b1c55f945ec58e73eebb3838df0700460 --binary-sha256 0676036bfcf58abb4f71c2e04111ef63c6506e5016e365b228886eee590d25cf --label post-correctness refresh reference pair 5 second --out /home/camilo/flutterdec/.worker-tmp/valmetric5-rerun/run-output/raw/reference-5.json --samples /home/camilo/flutterdec/.worker-tmp/valmetric5-rerun/run-output/raw/reference-5.tsv",	retained-as-pre-repair-provenance
4c127aba4e74fb6f8d486c4cb066586bb0d74846	ede255ae36abd9e37573969686e44b7bd4467638	docs/post-correctness/evidence/raw/reference-6.json:6:    "harness_ref": "4c127aba4e74fb6f8d486c4cb066586bb0d74846",	retained-as-pre-repair-provenance
4c127aba4e74fb6f8d486c4cb066586bb0d74846	ede255ae36abd9e37573969686e44b7bd4467638	docs/post-correctness/evidence/raw/reference-6.json:17:    "command": "/home/camilo/flutterdec/.worker-tmp/valmetric5-rerun/run-output/bin/timing/reference/flutterdec-bench run --matrix disclosed --warmups 0 --runs 1 --correctness off --product-ref 1371e42549472ec388f58bc1fd5dbdf96e8dcdd1 --harness-ref 4c127aba4e74fb6f8d486c4cb066586bb0d74846 --patch-sha256 14413796ca8a89cc1328497b5c87629b1c55f945ec58e73eebb3838df0700460 --binary-sha256 0676036bfcf58abb4f71c2e04111ef63c6506e5016e365b228886eee590d25cf --label post-correctness refresh reference pair 6 first --out /home/camilo/flutterdec/.worker-tmp/valmetric5-rerun/run-output/raw/reference-6.json --samples /home/camilo/flutterdec/.worker-tmp/valmetric5-rerun/run-output/raw/reference-6.tsv",	retained-as-pre-repair-provenance
4c127aba4e74fb6f8d486c4cb066586bb0d74846	ede255ae36abd9e37573969686e44b7bd4467638	docs/post-correctness/evidence/raw/reference-7.json:6:    "harness_ref": "4c127aba4e74fb6f8d486c4cb066586bb0d74846",	retained-as-pre-repair-provenance
4c127aba4e74fb6f8d486c4cb066586bb0d74846	ede255ae36abd9e37573969686e44b7bd4467638	docs/post-correctness/evidence/raw/reference-7.json:17:    "command": "/home/camilo/flutterdec/.worker-tmp/valmetric5-rerun/run-output/bin/timing/reference/flutterdec-bench run --matrix disclosed --warmups 0 --runs 1 --correctness off --product-ref 1371e42549472ec388f58bc1fd5dbdf96e8dcdd1 --harness-ref 4c127aba4e74fb6f8d486c4cb066586bb0d74846 --patch-sha256 14413796ca8a89cc1328497b5c87629b1c55f945ec58e73eebb3838df0700460 --binary-sha256 0676036bfcf58abb4f71c2e04111ef63c6506e5016e365b228886eee590d25cf --label post-correctness refresh reference pair 7 second --out /home/camilo/flutterdec/.worker-tmp/valmetric5-rerun/run-output/raw/reference-7.json --samples /home/camilo/flutterdec/.worker-tmp/valmetric5-rerun/run-output/raw/reference-7.tsv",	retained-as-pre-repair-provenance
4c127aba4e74fb6f8d486c4cb066586bb0d74846	ede255ae36abd9e37573969686e44b7bd4467638	docs/post-correctness/evidence/raw/reference-8.json:6:    "harness_ref": "4c127aba4e74fb6f8d486c4cb066586bb0d74846",	retained-as-pre-repair-provenance
4c127aba4e74fb6f8d486c4cb066586bb0d74846	ede255ae36abd9e37573969686e44b7bd4467638	docs/post-correctness/evidence/raw/reference-8.json:17:    "command": "/home/camilo/flutterdec/.worker-tmp/valmetric5-rerun/run-output/bin/timing/reference/flutterdec-bench run --matrix disclosed --warmups 0 --runs 1 --correctness off --product-ref 1371e42549472ec388f58bc1fd5dbdf96e8dcdd1 --harness-ref 4c127aba4e74fb6f8d486c4cb066586bb0d74846 --patch-sha256 14413796ca8a89cc1328497b5c87629b1c55f945ec58e73eebb3838df0700460 --binary-sha256 0676036bfcf58abb4f71c2e04111ef63c6506e5016e365b228886eee590d25cf --label post-correctness refresh reference pair 8 first --out /home/camilo/flutterdec/.worker-tmp/valmetric5-rerun/run-output/raw/reference-8.json --samples /home/camilo/flutterdec/.worker-tmp/valmetric5-rerun/run-output/raw/reference-8.tsv",	retained-as-pre-repair-provenance
4c127aba4e74fb6f8d486c4cb066586bb0d74846	ede255ae36abd9e37573969686e44b7bd4467638	docs/post-correctness/evidence/raw/reference-9.json:6:    "harness_ref": "4c127aba4e74fb6f8d486c4cb066586bb0d74846",	retained-as-pre-repair-provenance
4c127aba4e74fb6f8d486c4cb066586bb0d74846	ede255ae36abd9e37573969686e44b7bd4467638	docs/post-correctness/evidence/raw/reference-9.json:17:    "command": "/home/camilo/flutterdec/.worker-tmp/valmetric5-rerun/run-output/bin/timing/reference/flutterdec-bench run --matrix disclosed --warmups 0 --runs 1 --correctness off --product-ref 1371e42549472ec388f58bc1fd5dbdf96e8dcdd1 --harness-ref 4c127aba4e74fb6f8d486c4cb066586bb0d74846 --patch-sha256 14413796ca8a89cc1328497b5c87629b1c55f945ec58e73eebb3838df0700460 --binary-sha256 0676036bfcf58abb4f71c2e04111ef63c6506e5016e365b228886eee590d25cf --label post-correctness refresh reference pair 9 second --out /home/camilo/flutterdec/.worker-tmp/valmetric5-rerun/run-output/raw/reference-9.json --samples /home/camilo/flutterdec/.worker-tmp/valmetric5-rerun/run-output/raw/reference-9.tsv",	retained-as-pre-repair-provenance
4c127aba4e74fb6f8d486c4cb066586bb0d74846	ede255ae36abd9e37573969686e44b7bd4467638	docs/post-correctness/evidence/warmup-candidate.json:6:    "harness_ref": "4c127aba4e74fb6f8d486c4cb066586bb0d74846",	retained-as-pre-repair-provenance
4c127aba4e74fb6f8d486c4cb066586bb0d74846	ede255ae36abd9e37573969686e44b7bd4467638	docs/post-correctness/evidence/warmup-candidate.json:17:    "command": "/home/camilo/flutterdec/.worker-tmp/valmetric5-rerun/run-output/bin/timing/candidate/flutterdec-bench run --matrix disclosed --warmups 3 --runs 0 --correctness on --product-ref 5ba4b6d30604606c04b5b742eaf9469adc1c729d --harness-ref 4c127aba4e74fb6f8d486c4cb066586bb0d74846 --patch-sha256 14413796ca8a89cc1328497b5c87629b1c55f945ec58e73eebb3838df0700460 --binary-sha256 ff696e5ed2857b17f30f7524aa57c246d959aa76eb9019d799820666f59532db --label post-correctness refresh candidate warmup --out /home/camilo/flutterdec/.worker-tmp/valmetric5-rerun/run-output/warmup-candidate.json",	retained-as-pre-repair-provenance
4c127aba4e74fb6f8d486c4cb066586bb0d74846	ede255ae36abd9e37573969686e44b7bd4467638	docs/post-correctness/evidence/warmup-reference.json:6:    "harness_ref": "4c127aba4e74fb6f8d486c4cb066586bb0d74846",	retained-as-pre-repair-provenance
4c127aba4e74fb6f8d486c4cb066586bb0d74846	ede255ae36abd9e37573969686e44b7bd4467638	docs/post-correctness/evidence/warmup-reference.json:17:    "command": "/home/camilo/flutterdec/.worker-tmp/valmetric5-rerun/run-output/bin/timing/reference/flutterdec-bench run --matrix disclosed --warmups 3 --runs 0 --correctness on --product-ref 1371e42549472ec388f58bc1fd5dbdf96e8dcdd1 --harness-ref 4c127aba4e74fb6f8d486c4cb066586bb0d74846 --patch-sha256 14413796ca8a89cc1328497b5c87629b1c55f945ec58e73eebb3838df0700460 --binary-sha256 0676036bfcf58abb4f71c2e04111ef63c6506e5016e365b228886eee590d25cf --label post-correctness refresh reference warmup --out /home/camilo/flutterdec/.worker-tmp/valmetric5-rerun/run-output/warmup-reference.json",	retained-as-pre-repair-provenance
4c127aba4e74fb6f8d486c4cb066586bb0d74846	ede255ae36abd9e37573969686e44b7bd4467638	docs/post-correctness/refresh-attribution.py:18:HARNESS = "4c127aba4e74fb6f8d486c4cb066586bb0d74846"	retained-as-pre-repair-provenance
4c127aba4e74fb6f8d486c4cb066586bb0d74846	ede255ae36abd9e37573969686e44b7bd4467638	docs/post-correctness/run-refresh.sh:44:harness="4c127aba4e74fb6f8d486c4cb066586bb0d74846"	retained-as-pre-repair-provenance
4c127aba4e74fb6f8d486c4cb066586bb0d74846	ede255ae36abd9e37573969686e44b7bd4467638	docs/research-ir-cfg-emitter.md:428:`1371e42` and harness `4c127ab`. No product source, test, fixture, golden,	retained-as-pre-repair-provenance
4c127aba4e74fb6f8d486c4cb066586bb0d74846	ede255ae36abd9e37573969686e44b7bd4467638	docs/research-ir-cfg-emitter.md:1108:- The two committed A/A runs bind `harness_ref 4c127ab`	retained-as-pre-repair-provenance
4c127aba4e74fb6f8d486c4cb066586bb0d74846	ede255ae36abd9e37573969686e44b7bd4467638	docs/research-ir-cfg-emitter.md:1113:  `git diff 4c127ab af0bd4f -- . ':!docs'` is empty, so that is a label	retained-as-pre-repair-provenance
4c127aba4e74fb6f8d486c4cb066586bb0d74846	ede255ae36abd9e37573969686e44b7bd4467638	docs/research-ir-cfg-emitter.md:1460:`4c127aba4e74fb6f8d486c4cb066586bb0d74846`, with tree	retained-as-pre-repair-provenance
4c127aba4e74fb6f8d486c4cb066586bb0d74846	ede255ae36abd9e37573969686e44b7bd4467638	docs/resource-evidence/README.md:15:The accepted timing harness remains `4c127aba4e74fb6f8d486c4cb066586bb0d74846`	retained-as-pre-repair-provenance
4c127aba4e74fb6f8d486c4cb066586bb0d74846	ede255ae36abd9e37573969686e44b7bd4467638	docs/resource-evidence/binding.txt:3:accepted_timing_harness_ref 4c127aba4e74fb6f8d486c4cb066586bb0d74846	retained-as-pre-repair-provenance
4c127aba4e74fb6f8d486c4cb066586bb0d74846	ede255ae36abd9e37573969686e44b7bd4467638	docs/resource-ruler-protocol.md:5:`4c127aba4e74fb6f8d486c4cb066586bb0d74846`. Resource scoring is a separate	retained-as-pre-repair-provenance
4c127aba4e74fb6f8d486c4cb066586bb0d74846	ede255ae36abd9e37573969686e44b7bd4467638	docs/resource-ruler-protocol.md:49:`scripts/bench-resource.sh OUT_DIR` reconstructs the accepted `4c127ab` timing	retained-as-pre-repair-provenance
af0bd4f2b6e1fdf0f9fa1589c002f20d99929230	c7ad4acfacea69f883b69220f35b50ad91c1b42b	docs/research-ir-cfg-emitter.md:1103:  `harness-b4b1d8c.patch` (added by `e2e66a7`, deleted by `af0bd4f`) and the	retained-as-pre-repair-provenance
af0bd4f2b6e1fdf0f9fa1589c002f20d99929230	c7ad4acfacea69f883b69220f35b50ad91c1b42b	docs/research-ir-cfg-emitter.md:1111:  directory bind `harness_ref af0bd4f` instead, which is the docs-only commit	retained-as-pre-repair-provenance
af0bd4f2b6e1fdf0f9fa1589c002f20d99929230	c7ad4acfacea69f883b69220f35b50ad91c1b42b	docs/research-ir-cfg-emitter.md:1113:  `git diff 4c127ab af0bd4f -- . ':!docs'` is empty, so that is a label	retained-as-pre-repair-provenance
e3d7d2ff450f25438a2ee7695a447799a5e6f103	6db8939babbd30e8709e9ddd12b6e8ffdbf2c7f0	docs/oracle-protocol-ir-cfg-emitter.md:676:which at `e3d7d2f`, where this record was written, was the only protected path	retained-as-pre-repair-provenance
e3d7d2ff450f25438a2ee7695a447799a5e6f103	6db8939babbd30e8709e9ddd12b6e8ffdbf2c7f0	docs/research-ir-cfg-emitter.md:1143:is adjudicated in the companion protocol section 10, landed in `e3d7d2f`, with	retained-as-pre-repair-provenance
058b120b1058b5d9a0a29dfba804a9b0f41550c9	3dac05720a244090373f620a54aa12bde5d780c3	docs/research-ir-cfg-emitter.md:1050:git checkout --force --detach 058b120	retained-as-pre-repair-provenance
058b120b1058b5d9a0a29dfba804a9b0f41550c9	3dac05720a244090373f620a54aa12bde5d780c3	docs/research-ir-cfg-emitter.md:1053:| Probe | `4e8a9b2` as committed | same tree, `exclude` instead of `members` | tip `058b120`, same worktree |	retained-as-pre-repair-provenance
02bc42c4c903ede5f90557bb28c82a1dcdf227c5	74d3d1555aa6398d4e961a23f031bd2206912486	docs/oracle-protocol-ir-cfg-emitter.md:845:| `282a1b3` through `02bc42c` | unchanged, docs-only and harness-only commits | `e0b5c675b2510d8c17c05b15a4a33341ba6a24cbec4336512cf63028527ff3b8` |	retained-as-pre-repair-provenance
02bc42c4c903ede5f90557bb28c82a1dcdf227c5	74d3d1555aa6398d4e961a23f031bd2206912486	docs/oracle-protocol-ir-cfg-emitter.md:909:Run in disposable worktrees detached at `02bc42c` with the guard copied in, one	retained-as-pre-repair-provenance
02bc42c4c903ede5f90557bb28c82a1dcdf227c5	74d3d1555aa6398d4e961a23f031bd2206912486	docs/oracle-protocol-ir-cfg-emitter.md:998:| `282a1b3` through `02bc42c` | unchanged | `e0b5c675b2510d8c17c05b15a4a33341ba6a24cbec4336512cf63028527ff3b8` |	retained-as-pre-repair-provenance
97573287136a694602d8e3845675777bc68b87a4	62ccd4d0a8e2250c5e47a23e085690c566db4597	docs/oracle-protocol-ir-cfg-emitter.md:699:| `4c127ab` through `9757328` | unchanged, docs-only and harness-only commits | `2f76a8b9abac96db026386c0626d248ade81e9690e563cbaaa901b86472b4457` |	retained-as-pre-repair-provenance
97573287136a694602d8e3845675777bc68b87a4	62ccd4d0a8e2250c5e47a23e085690c566db4597	docs/oracle-protocol-ir-cfg-emitter.md:830:`crates/flutterdec-decompiler/tests/provenance_audit.rs`, which at `9757328`,	retained-as-pre-repair-provenance
97573287136a694602d8e3845675777bc68b87a4	62ccd4d0a8e2250c5e47a23e085690c566db4597	docs/oracle-protocol-ir-cfg-emitter.md:846:| `9757328` | first move, adjudicated here, superseded at `65abbf0` | `8124346801612c56e9580d293c16a4e24593df175f8e7e376f16748a26560c0e` |	retained-as-pre-repair-provenance
97573287136a694602d8e3845675777bc68b87a4	62ccd4d0a8e2250c5e47a23e085690c566db4597	docs/oracle-protocol-ir-cfg-emitter.md:850:against the commit that row names. Both values are historical: `9757328` alone	retained-as-pre-repair-provenance
97573287136a694602d8e3845675777bc68b87a4	62ccd4d0a8e2250c5e47a23e085690c566db4597	docs/oracle-protocol-ir-cfg-emitter.md:999:| `9757328` | first, narrow guard, adjudicated in section 11 | `8124346801612c56e9580d293c16a4e24593df175f8e7e376f16748a26560c0e` |	retained-as-pre-repair-provenance
97573287136a694602d8e3845675777bc68b87a4	62ccd4d0a8e2250c5e47a23e085690c566db4597	docs/oracle-protocol-ir-cfg-emitter.md:1006:| `5f6a39f` through `9757328` | prior, adjudicated in section 10 | `2f76a8b9abac96db026386c0626d248ade81e9690e563cbaaa901b86472b4457` |	retained-as-pre-repair-provenance
97573287136a694602d8e3845675777bc68b87a4	62ccd4d0a8e2250c5e47a23e085690c566db4597	docs/oracle-protocol-ir-cfg-emitter.md:1013:through `9757328`, `c51642b043cfa254c454282aee5d14b24d899d29bcda83d8e42a9e1da9968c55`	retained-as-pre-repair-provenance
97573287136a694602d8e3845675777bc68b87a4	62ccd4d0a8e2250c5e47a23e085690c566db4597	docs/oracle-protocol-ir-cfg-emitter.md:1027:`git diff --numstat 9757328` for the three files: 322 insertions and 37 deletions	retained-as-pre-repair-provenance
97573287136a694602d8e3845675777bc68b87a4	62ccd4d0a8e2250c5e47a23e085690c566db4597	docs/oracle-protocol-ir-cfg-emitter.md:1065:git show 9757328:scripts/ci-check.sh > /tmp/cic-prev.sh	retained-as-pre-repair-provenance
97573287136a694602d8e3845675777bc68b87a4	62ccd4d0a8e2250c5e47a23e085690c566db4597	docs/oracle-protocol-ir-cfg-emitter.md:1080:`9757328` is absent now, and the same command run against `1371e42` reports only	retained-as-pre-repair-provenance
97573287136a694602d8e3845675777bc68b87a4	62ccd4d0a8e2250c5e47a23e085690c566db4597	docs/oracle-protocol-ir-cfg-emitter.md:1147:One disposable worktree detached at `9757328`, with this commit's guard and both	retained-as-pre-repair-provenance
97573287136a694602d8e3845675777bc68b87a4	62ccd4d0a8e2250c5e47a23e085690c566db4597	docs/oracle-protocol-ir-cfg-emitter.md:1219:   `9757328` and of `1371e42`.	retained-as-pre-repair-provenance
97573287136a694602d8e3845675777bc68b87a4	62ccd4d0a8e2250c5e47a23e085690c566db4597	docs/oracle-protocol-ir-cfg-emitter.md:1222:   behavior in the sense that matters for a guard: at `9757328` plants 4 through	retained-as-pre-repair-provenance
65abbf04e261bb8864cc86d2317f47b14cd3e663	adb43974ab53749db9dcd2a44530d5e3059872b8	docs/oracle-protocol-ir-cfg-emitter.md:679:carried one row further at `65abbf0`, whose move section 12 adjudicates. That is	retained-as-pre-repair-provenance
65abbf04e261bb8864cc86d2317f47b14cd3e663	adb43974ab53749db9dcd2a44530d5e3059872b8	docs/oracle-protocol-ir-cfg-emitter.md:700:| `65abbf0` | fourth move, adjudicated in section 12, superseded at `c95daa6` | `171aa8894675ed2c90ff40c9d6a136bd791c3ae0d51c7965617e682b31d2f067` |	retained-as-pre-repair-provenance
65abbf04e261bb8864cc86d2317f47b14cd3e663	adb43974ab53749db9dcd2a44530d5e3059872b8	docs/oracle-protocol-ir-cfg-emitter.md:704:last of them was held by `65abbf0` alone, and section 7 records	retained-as-pre-repair-provenance
65abbf04e261bb8864cc86d2317f47b14cd3e663	adb43974ab53749db9dcd2a44530d5e3059872b8	docs/oracle-protocol-ir-cfg-emitter.md:846:| `9757328` | first move, adjudicated here, superseded at `65abbf0` | `8124346801612c56e9580d293c16a4e24593df175f8e7e376f16748a26560c0e` |	retained-as-pre-repair-provenance
65abbf04e261bb8864cc86d2317f47b14cd3e663	adb43974ab53749db9dcd2a44530d5e3059872b8	docs/oracle-protocol-ir-cfg-emitter.md:1000:| `65abbf0` | second move, superseded at `c95daa6`, adjudicated in section 13 | `b5712a66b0f6472a726d4d253555272b54322cd69c3fdb1a3bed514de8cb9765` |	retained-as-pre-repair-provenance
65abbf04e261bb8864cc86d2317f47b14cd3e663	adb43974ab53749db9dcd2a44530d5e3059872b8	docs/oracle-protocol-ir-cfg-emitter.md:1007:| `65abbf0` | fourth move, superseded at `c95daa6`, adjudicated in section 13 | `171aa8894675ed2c90ff40c9d6a136bd791c3ae0d51c7965617e682b31d2f067` |	retained-as-pre-repair-provenance
65abbf04e261bb8864cc86d2317f47b14cd3e663	adb43974ab53749db9dcd2a44530d5e3059872b8	docs/oracle-protocol-ir-cfg-emitter.md:1018:that row names. Both chains end at `65abbf0` and both of those values were	retained-as-pre-repair-provenance
65abbf04e261bb8864cc86d2317f47b14cd3e663	adb43974ab53749db9dcd2a44530d5e3059872b8	docs/oracle-protocol-ir-cfg-emitter.md:1271:| `65abbf0` | prior, source-text guard, adjudicated in section 12 | `b5712a66b0f6472a726d4d253555272b54322cd69c3fdb1a3bed514de8cb9765` |	retained-as-pre-repair-provenance
65abbf04e261bb8864cc86d2317f47b14cd3e663	adb43974ab53749db9dcd2a44530d5e3059872b8	docs/oracle-protocol-ir-cfg-emitter.md:1278:| `65abbf0` | prior, adjudicated in section 12 | `171aa8894675ed2c90ff40c9d6a136bd791c3ae0d51c7965617e682b31d2f067` |	retained-as-pre-repair-provenance
65abbf04e261bb8864cc86d2317f47b14cd3e663	adb43974ab53749db9dcd2a44530d5e3059872b8	docs/oracle-protocol-ir-cfg-emitter.md:1293:`c51642b043cfa254c454282aee5d14b24d899d29bcda83d8e42a9e1da9968c55` at `65abbf0`,	retained-as-pre-repair-provenance
65abbf04e261bb8864cc86d2317f47b14cd3e663	adb43974ab53749db9dcd2a44530d5e3059872b8	docs/oracle-protocol-ir-cfg-emitter.md:1304:`git diff --numstat 65abbf0` for the four non-protocol files: 59 insertions and 10	retained-as-pre-repair-provenance
65abbf04e261bb8864cc86d2317f47b14cd3e663	adb43974ab53749db9dcd2a44530d5e3059872b8	docs/oracle-protocol-ir-cfg-emitter.md:1336:git show 65abbf0:scripts/ci-check.sh > /tmp/cic-prev.sh	retained-as-pre-repair-provenance
65abbf04e261bb8864cc86d2317f47b14cd3e663	adb43974ab53749db9dcd2a44530d5e3059872b8	docs/oracle-protocol-ir-cfg-emitter.md:1351:at `65abbf0` is absent now; one command is added,	retained-as-pre-repair-provenance
65abbf04e261bb8864cc86d2317f47b14cd3e663	adb43974ab53749db9dcd2a44530d5e3059872b8	docs/oracle-protocol-ir-cfg-emitter.md:1420:One disposable worktree detached at `65abbf0` with this commit's four files copied	retained-as-pre-repair-provenance
65abbf04e261bb8864cc86d2317f47b14cd3e663	adb43974ab53749db9dcd2a44530d5e3059872b8	docs/oracle-protocol-ir-cfg-emitter.md:1499:   behavior in the sense that matters: at `65abbf0` the nine text-preserving	retained-as-pre-repair-provenance
c95daa618f100bb0519e0fe34eca800eff5a844a	9196d2a0db821065abbe9813f30063dd40b59b91	docs/oracle-protocol-ir-cfg-emitter.md:700:| `65abbf0` | fourth move, adjudicated in section 12, superseded at `c95daa6` | `171aa8894675ed2c90ff40c9d6a136bd791c3ae0d51c7965617e682b31d2f067` |	retained-as-pre-repair-provenance
c95daa618f100bb0519e0fe34eca800eff5a844a	9196d2a0db821065abbe9813f30063dd40b59b91	docs/oracle-protocol-ir-cfg-emitter.md:1000:| `65abbf0` | second move, superseded at `c95daa6`, adjudicated in section 13 | `b5712a66b0f6472a726d4d253555272b54322cd69c3fdb1a3bed514de8cb9765` |	retained-as-pre-repair-provenance
c95daa618f100bb0519e0fe34eca800eff5a844a	9196d2a0db821065abbe9813f30063dd40b59b91	docs/oracle-protocol-ir-cfg-emitter.md:1007:| `65abbf0` | fourth move, superseded at `c95daa6`, adjudicated in section 13 | `171aa8894675ed2c90ff40c9d6a136bd791c3ae0d51c7965617e682b31d2f067` |	retained-as-pre-repair-provenance
c95daa618f100bb0519e0fe34eca800eff5a844a	9196d2a0db821065abbe9813f30063dd40b59b91	docs/oracle-protocol-ir-cfg-emitter.md:1019:superseded at `c95daa6`, so `sha256sum <path>` reproduces neither: section 7	retained-as-pre-repair-provenance
c95daa618f100bb0519e0fe34eca800eff5a844a	9196d2a0db821065abbe9813f30063dd40b59b91	docs/oracle-protocol-ir-cfg-emitter.md:1272:| `c95daa6` through `af32bb1` | third move, adjudicated here, superseded at `6d501c8` | `1bda72504e7ada1c8a2e7798ca314b3843ebc6cf8b8202851de42dd542573abd` |	retained-as-pre-repair-provenance
c95daa618f100bb0519e0fe34eca800eff5a844a	9196d2a0db821065abbe9813f30063dd40b59b91	docs/oracle-protocol-ir-cfg-emitter.md:1279:| `c95daa6` through `af32bb1` | fifth move, adjudicated here, superseded at `6d501c8` | `386e0f2a22a25c774ff43da8621e947d9c3a4137e57a5d8ee6bbad973eb25c48` |	retained-as-pre-repair-provenance
c95daa618f100bb0519e0fe34eca800eff5a844a	9196d2a0db821065abbe9813f30063dd40b59b91	docs/oracle-protocol-ir-cfg-emitter.md:1282:Its digest at `c95daa6` is	retained-as-pre-repair-provenance
c95daa618f100bb0519e0fe34eca800eff5a844a	9196d2a0db821065abbe9813f30063dd40b59b91	docs/oracle-protocol-ir-cfg-emitter.md:1284:value section 7 carried for it from `c95daa6` through `af32bb1`; it has moved	retained-as-pre-repair-provenance
c95daa618f100bb0519e0fe34eca800eff5a844a	9196d2a0db821065abbe9813f30063dd40b59b91	docs/oracle-protocol-ir-cfg-emitter.md:1673:Reproduce with `git log --format='%h %cI %s' c95daa6..fe4b31c`, which lists the six	retained-as-pre-repair-provenance
c95daa618f100bb0519e0fe34eca800eff5a844a	9196d2a0db821065abbe9813f30063dd40b59b91	docs/oracle-protocol-ir-cfg-emitter.md:1751:changed by the whole IR work, `git diff --name-only c95daa6 fe4b31c^`, was empty.	retained-as-pre-repair-provenance
c95daa618f100bb0519e0fe34eca800eff5a844a	9196d2a0db821065abbe9813f30063dd40b59b91	docs/oracle-protocol-ir-cfg-emitter.md:1801:Between `c95daa6` and `af32bb1` this mission added, in eleven commits, the ARM64	retained-as-pre-repair-provenance
c95daa618f100bb0519e0fe34eca800eff5a844a	9196d2a0db821065abbe9813f30063dd40b59b91	docs/oracle-protocol-ir-cfg-emitter.md:1840:| `c95daa6` | prior, adjudicated in section 13 | `1bda72504e7ada1c8a2e7798ca314b3843ebc6cf8b8202851de42dd542573abd` |	retained-as-pre-repair-provenance
c95daa618f100bb0519e0fe34eca800eff5a844a	9196d2a0db821065abbe9813f30063dd40b59b91	docs/oracle-protocol-ir-cfg-emitter.md:1848:| `c95daa6` | prior, adjudicated in section 13 | `386e0f2a22a25c774ff43da8621e947d9c3a4137e57a5d8ee6bbad973eb25c48` |	retained-as-pre-repair-provenance
c95daa618f100bb0519e0fe34eca800eff5a844a	9196d2a0db821065abbe9813f30063dd40b59b91	docs/oracle-protocol-ir-cfg-emitter.md:1856:| `c95daa6` | as created, adjudicated in section 13 | `d882132e87cb4625ebdac88ab310e405b00133bd546e172db282be7e1bbf47bf` |	retained-as-pre-repair-provenance
c95daa618f100bb0519e0fe34eca800eff5a844a	9196d2a0db821065abbe9813f30063dd40b59b91	docs/oracle-protocol-ir-cfg-emitter.md:2394:| `c95daa6` | new, added by section 13 | `d882132e87cb4625ebdac88ab310e405b00133bd546e172db282be7e1bbf47bf` |	retained-as-pre-repair-provenance
ac544cabff3dde7b16af7d3b8f37fe6e796f17ac	6359a4440c613645ddd43dd4b35a7684470f7889	docs/oracle-protocol-ir-cfg-emitter.md:184:brought to the values this table demands at `ac544ca`. In the current tree, all	retained-as-pre-repair-provenance
ac544cabff3dde7b16af7d3b8f37fe6e796f17ac	6359a4440c613645ddd43dd4b35a7684470f7889	docs/oracle-protocol-ir-cfg-emitter.md:1516:being true at `ac544ca`. This record adjudicates both edits.	retained-as-pre-repair-provenance
ac544cabff3dde7b16af7d3b8f37fe6e796f17ac	6359a4440c613645ddd43dd4b35a7684470f7889	docs/oracle-protocol-ir-cfg-emitter.md:1593:`ac544ca` created the class that behavior deserves, `IROp::IndirectBranch`	retained-as-pre-repair-provenance
ac544cabff3dde7b16af7d3b8f37fe6e796f17ac	6359a4440c613645ddd43dd4b35a7684470f7889	docs/oracle-protocol-ir-cfg-emitter.md:1628:supported has been false since `ac544ca`. The replacement states the `1371e42`	retained-as-pre-repair-provenance
ac544cabff3dde7b16af7d3b8f37fe6e796f17ac	6359a4440c613645ddd43dd4b35a7684470f7889	docs/oracle-protocol-ir-cfg-emitter.md:1666:| `ac544ca` | 2026-08-18T09:11:58-04:00 | 7, 0 docs | `IROp::IndirectBranch` and `IROp::Trap`, the classifier, leader and successor rules, and the tests |	retained-as-pre-repair-provenance
ac544cabff3dde7b16af7d3b8f37fe6e796f17ac	6359a4440c613645ddd43dd4b35a7684470f7889	docs/oracle-protocol-ir-cfg-emitter.md:1841:| `ac544ca` through `af32bb1` | unchanged, eleven commits of product and oracle work | `1bda72504e7ada1c8a2e7798ca314b3843ebc6cf8b8202851de42dd542573abd` |	retained-as-pre-repair-provenance
ac544cabff3dde7b16af7d3b8f37fe6e796f17ac	6359a4440c613645ddd43dd4b35a7684470f7889	docs/oracle-protocol-ir-cfg-emitter.md:1849:| `ac544ca` through `af32bb1` | unchanged | `386e0f2a22a25c774ff43da8621e947d9c3a4137e57a5d8ee6bbad973eb25c48` |	retained-as-pre-repair-provenance
ac544cabff3dde7b16af7d3b8f37fe6e796f17ac	6359a4440c613645ddd43dd4b35a7684470f7889	docs/oracle-protocol-ir-cfg-emitter.md:1857:| `ac544ca` through `af32bb1` | unchanged | `d882132e87cb4625ebdac88ab310e405b00133bd546e172db282be7e1bbf47bf` |	retained-as-pre-repair-provenance
ac544cabff3dde7b16af7d3b8f37fe6e796f17ac	6359a4440c613645ddd43dd4b35a7684470f7889	docs/oracle-protocol-ir-cfg-emitter.md:1874:| `crates/flutterdec-decompiler/tests/arm64_control_effects.rs` | already test-only, added at `ac544ca` | unprotected, not named by any lane |	retained-as-pre-repair-provenance
ac544cabff3dde7b16af7d3b8f37fe6e796f17ac	6359a4440c613645ddd43dd4b35a7684470f7889	docs/research-ir-cfg-emitter.md:70:The `br` and `brk` rows are the state after `ac544ca`, which closed risk R1. At	retained-as-pre-repair-provenance
ac544cabff3dde7b16af7d3b8f37fe6e796f17ac	6359a4440c613645ddd43dd4b35a7684470f7889	docs/research-ir-cfg-emitter.md:212:  observed through emitted text. Partly closed since: `ac544ca` asserts the full	retained-as-pre-repair-provenance
ac544cabff3dde7b16af7d3b8f37fe6e796f17ac	6359a4440c613645ddd43dd4b35a7684470f7889	docs/research-ir-cfg-emitter.md:237:**R1. Closed at `ac544ca`: `br` and `brk` got an invented fallthrough edge.**	retained-as-pre-repair-provenance
ac544cabff3dde7b16af7d3b8f37fe6e796f17ac	6359a4440c613645ddd43dd4b35a7684470f7889	docs/research-ir-cfg-emitter.md:420:  written. R1 was the first through that path and is closed at `ac544ca`;	retained-as-pre-repair-provenance
ac544cabff3dde7b16af7d3b8f37fe6e796f17ac	6359a4440c613645ddd43dd4b35a7684470f7889	docs/research-ir-cfg-emitter.md:746:| D2 | Closed at `ac544ca`: R1, `br` and `brk` got an invented fallthrough edge | Closed, asserted by test in three crates | Sections 7 and 18 |	retained-as-pre-repair-provenance
ac544cabff3dde7b16af7d3b8f37fe6e796f17ac	6359a4440c613645ddd43dd4b35a7684470f7889	docs/research-ir-cfg-emitter.md:885:to land, at `ac544ca`, and is closed in section 18. D1 and D3 are open.	retained-as-pre-repair-provenance
ac544cabff3dde7b16af7d3b8f37fe6e796f17ac	6359a4440c613645ddd43dd4b35a7684470f7889	docs/research-ir-cfg-emitter.md:1163:## 18. Indirect control terminators, implemented at `ac544ca`	retained-as-pre-repair-provenance
ac544cabff3dde7b16af7d3b8f37fe6e796f17ac	6359a4440c613645ddd43dd4b35a7684470f7889	docs/research-ir-cfg-emitter.md:1165:`ac544ca` ("fix(ir): model indirect control terminators") is a code-only commit,	retained-as-pre-repair-provenance
ac544cabff3dde7b16af7d3b8f37fe6e796f17ac	6359a4440c613645ddd43dd4b35a7684470f7889	docs/research-ir-cfg-emitter.md:1472:`ac544cabff3dde7b16af7d3b8f37fe6e796f17ac`, resolvable omitted helpers at	retained-as-pre-repair-provenance
dff08acacb8c1be2071444765200b0081ae1e9f3	b9e9468eff73f0b51bfd85194fe0a313aa987020	docs/oracle-protocol-ir-cfg-emitter.md:1667:| `dff08ac` | 2026-08-18T09:28:43-04:00 | 8, 0 docs | block-identity validation at every consumer boundary |	retained-as-pre-repair-provenance
dff08acacb8c1be2071444765200b0081ae1e9f3	b9e9468eff73f0b51bfd85194fe0a313aa987020	docs/oracle-protocol-ir-cfg-emitter.md:1875:| `crates/flutterdec-decompiler/tests/cfg_identity.rs` | already test-only, added at `dff08ac` | unprotected, not named by any lane |	retained-as-pre-repair-provenance
dff08acacb8c1be2071444765200b0081ae1e9f3	b9e9468eff73f0b51bfd85194fe0a313aa987020	docs/research-ir-cfg-emitter.md:213:  per-mnemonic edge set against a literal table, and `dff08ac`, `325447f` and	retained-as-pre-repair-provenance
dff08acacb8c1be2071444765200b0081ae1e9f3	b9e9468eff73f0b51bfd85194fe0a313aa987020	docs/research-ir-cfg-emitter.md:1299:and 6 predate them: `dff08ac` added `crates/flutterdec-ir/src/validate.rs` and	retained-as-pre-repair-provenance
325447f06707bea355da0ff865a3b619e0517e7a	fc8288a0c579e7d8e29d15cc09ec3f13e9d74cdc	docs/oracle-protocol-ir-cfg-emitter.md:1668:| `325447f` | 2026-08-18T09:34:35-04:00 | 4, 0 docs | one canonical edge-rebuild path |	retained-as-pre-repair-provenance
325447f06707bea355da0ff865a3b619e0517e7a	fc8288a0c579e7d8e29d15cc09ec3f13e9d74cdc	docs/research-ir-cfg-emitter.md:213:  per-mnemonic edge set against a literal table, and `dff08ac`, `325447f` and	retained-as-pre-repair-provenance
325447f06707bea355da0ff865a3b619e0517e7a	fc8288a0c579e7d8e29d15cc09ec3f13e9d74cdc	docs/research-ir-cfg-emitter.md:1300:gated the consumer boundaries on it, `325447f` made edge rebuilding go through one	retained-as-pre-repair-provenance
ecc2892f8ce97ffaea96674c2bc417bf087fa5f9	4268b8d3906768ff881e5f19b687c37238cdb6ca	docs/oracle-protocol-ir-cfg-emitter.md:1669:| `ecc2892` | 2026-08-18T09:39:05-04:00 | 1, 0 docs | guard-prune scope pinned |	retained-as-pre-repair-provenance
ecc2892f8ce97ffaea96674c2bc417bf087fa5f9	4268b8d3906768ff881e5f19b687c37238cdb6ca	docs/research-ir-cfg-emitter.md:214:  `ecc2892` assert block identity and edge reciprocity directly. The dominance	retained-as-pre-repair-provenance
ecc2892f8ce97ffaea96674c2bc417bf087fa5f9	4268b8d3906768ff881e5f19b687c37238cdb6ca	docs/research-ir-cfg-emitter.md:1168:are as of `ecc2892`, the branch tip when it was written, not `1371e42`.	retained-as-pre-repair-provenance
ecc2892f8ce97ffaea96674c2bc417bf087fa5f9	4268b8d3906768ff881e5f19b687c37238cdb6ca	docs/research-ir-cfg-emitter.md:1292:Suite at `ecc2892`: `nix develop -c cargo test --workspace` is 466 passed, 0	retained-as-pre-repair-provenance
ecc2892f8ce97ffaea96674c2bc417bf087fa5f9	4268b8d3906768ff881e5f19b687c37238cdb6ca	docs/research-ir-cfg-emitter.md:1301:canonical path, and `ecc2892` pinned that only guard-stranded blocks are pruned.	retained-as-pre-repair-provenance
b2ed966e6b3b7fdb84d7fdc7553524e52404edd6	74c6d3008a954685c459dcb832e8d6ca1f8e8b32	docs/oracle-protocol-ir-cfg-emitter.md:1615:commit. `git diff --numstat b2ed966` reports 292 insertions and 5 deletions. The	retained-as-pre-repair-provenance
b2ed966e6b3b7fdb84d7fdc7553524e52404edd6	74c6d3008a954685c459dcb832e8d6ca1f8e8b32	docs/oracle-protocol-ir-cfg-emitter.md:1648:reproducibility only, this protocol's own sha256 at `b2ed966`, the commit	retained-as-pre-repair-provenance
b2ed966e6b3b7fdb84d7fdc7553524e52404edd6	74c6d3008a954685c459dcb832e8d6ca1f8e8b32	docs/oracle-protocol-ir-cfg-emitter.md:1651:with `git show b2ed966:docs/oracle-protocol-ir-cfg-emitter.md | sha256sum`. The	retained-as-pre-repair-provenance
b2ed966e6b3b7fdb84d7fdc7553524e52404edd6	74c6d3008a954685c459dcb832e8d6ca1f8e8b32	docs/oracle-protocol-ir-cfg-emitter.md:1670:| `b2ed966` | 2026-08-18T10:27:41-04:00 | 1, all docs | research doc section 18, risk R1 closed |	retained-as-pre-repair-provenance
b2ed966e6b3b7fdb84d7fdc7553524e52404edd6	74c6d3008a954685c459dcb832e8d6ca1f8e8b32	docs/oracle-protocol-ir-cfg-emitter.md:1671:| this commit | after `b2ed966` | 1, all docs | section 3 reconciliation and this record |	retained-as-pre-repair-provenance
fe4b31c66c41269e84088cf00cab1d0da8309930	b34380603d5a280b7a677a618457ca5479cec741	docs/oracle-protocol-ir-cfg-emitter.md:1673:Reproduce with `git log --format='%h %cI %s' c95daa6..fe4b31c`, which lists the six	retained-as-pre-repair-provenance
fe4b31c66c41269e84088cf00cab1d0da8309930	b34380603d5a280b7a677a618457ca5479cec741	docs/oracle-protocol-ir-cfg-emitter.md:1751:changed by the whole IR work, `git diff --name-only c95daa6 fe4b31c^`, was empty.	retained-as-pre-repair-provenance
5ec63ef3cc234560db6faf852566103332f0dd7c	9c02714a0ec779e15bc22d04d8d4671c6872ec61	docs/oracle-protocol-ir-cfg-emitter.md:1873:| `crates/flutterdec-decompiler/src/control_flow/relation_oracle.rs` | already test-only, added at `5ec63ef` | unprotected, no sentinel |	retained-as-pre-repair-provenance
af32bb18575ac64ffe321e2e3830fb03fb92a567	d6368c79bc1778a913fd723702978b4f8842e008	docs/oracle-protocol-ir-cfg-emitter.md:1272:| `c95daa6` through `af32bb1` | third move, adjudicated here, superseded at `6d501c8` | `1bda72504e7ada1c8a2e7798ca314b3843ebc6cf8b8202851de42dd542573abd` |	retained-as-pre-repair-provenance
af32bb18575ac64ffe321e2e3830fb03fb92a567	d6368c79bc1778a913fd723702978b4f8842e008	docs/oracle-protocol-ir-cfg-emitter.md:1279:| `c95daa6` through `af32bb1` | fifth move, adjudicated here, superseded at `6d501c8` | `386e0f2a22a25c774ff43da8621e947d9c3a4137e57a5d8ee6bbad973eb25c48` |	retained-as-pre-repair-provenance
af32bb18575ac64ffe321e2e3830fb03fb92a567	d6368c79bc1778a913fd723702978b4f8842e008	docs/oracle-protocol-ir-cfg-emitter.md:1284:value section 7 carried for it from `c95daa6` through `af32bb1`; it has moved	retained-as-pre-repair-provenance
af32bb18575ac64ffe321e2e3830fb03fb92a567	d6368c79bc1778a913fd723702978b4f8842e008	docs/oracle-protocol-ir-cfg-emitter.md:1801:Between `c95daa6` and `af32bb1` this mission added, in eleven commits, the ARM64	retained-as-pre-repair-provenance
af32bb18575ac64ffe321e2e3830fb03fb92a567	d6368c79bc1778a913fd723702978b4f8842e008	docs/oracle-protocol-ir-cfg-emitter.md:1841:| `ac544ca` through `af32bb1` | unchanged, eleven commits of product and oracle work | `1bda72504e7ada1c8a2e7798ca314b3843ebc6cf8b8202851de42dd542573abd` |	retained-as-pre-repair-provenance
af32bb18575ac64ffe321e2e3830fb03fb92a567	d6368c79bc1778a913fd723702978b4f8842e008	docs/oracle-protocol-ir-cfg-emitter.md:1849:| `ac544ca` through `af32bb1` | unchanged | `386e0f2a22a25c774ff43da8621e947d9c3a4137e57a5d8ee6bbad973eb25c48` |	retained-as-pre-repair-provenance
af32bb18575ac64ffe321e2e3830fb03fb92a567	d6368c79bc1778a913fd723702978b4f8842e008	docs/oracle-protocol-ir-cfg-emitter.md:1857:| `ac544ca` through `af32bb1` | unchanged | `d882132e87cb4625ebdac88ab310e405b00133bd546e172db282be7e1bbf47bf` |	retained-as-pre-repair-provenance
af32bb18575ac64ffe321e2e3830fb03fb92a567	d6368c79bc1778a913fd723702978b4f8842e008	docs/oracle-protocol-ir-cfg-emitter.md:1867:| `crates/flutterdec-ir/src/tests/control_effects.rs` | `crates/flutterdec-ir/src/lib.rs:434-740` at `af32bb1` | inline `mod tests`, unprotected |	retained-as-pre-repair-provenance
af32bb18575ac64ffe321e2e3830fb03fb92a567	d6368c79bc1778a913fd723702978b4f8842e008	docs/oracle-protocol-ir-cfg-emitter.md:1868:| `crates/flutterdec-ir/src/validate/tests.rs` | `crates/flutterdec-ir/src/validate.rs:241-695` at `af32bb1` | inline `mod tests`, unprotected |	retained-as-pre-repair-provenance
af32bb18575ac64ffe321e2e3830fb03fb92a567	d6368c79bc1778a913fd723702978b4f8842e008	docs/oracle-protocol-ir-cfg-emitter.md:1869:| `crates/flutterdec-core/src/pipeline/quality/control_effect_tests.rs` | `crates/flutterdec-core/src/pipeline/quality.rs:154-352` at `af32bb1` | inline `mod quality_tests`, unprotected |	retained-as-pre-repair-provenance
af32bb18575ac64ffe321e2e3830fb03fb92a567	d6368c79bc1778a913fd723702978b4f8842e008	docs/oracle-protocol-ir-cfg-emitter.md:1870:| `crates/flutterdec-core/src/pipeline/runners/split/identity_tests.rs` | `crates/flutterdec-core/src/pipeline/runners/split.rs:428-584` at `af32bb1` | inline `mod tests`, unprotected |	retained-as-pre-repair-provenance
af32bb18575ac64ffe321e2e3830fb03fb92a567	d6368c79bc1778a913fd723702978b4f8842e008	docs/oracle-protocol-ir-cfg-emitter.md:1871:| `crates/flutterdec-core/src/pipeline/runners/stubs/identity_tests.rs` | `crates/flutterdec-core/src/pipeline/runners/stubs.rs:1068-1279` at `af32bb1` | inline `mod prune_tests`, unprotected |	retained-as-pre-repair-provenance
af32bb18575ac64ffe321e2e3830fb03fb92a567	d6368c79bc1778a913fd723702978b4f8842e008	docs/oracle-protocol-ir-cfg-emitter.md:1872:| `crates/flutterdec-decompiler/src/control_flow/regions/identity_boundary_tests.rs` | `crates/flutterdec-decompiler/src/control_flow/regions.rs:442-533` at `af32bb1` | inline `mod identity_boundary_tests`, unprotected |	retained-as-pre-repair-provenance
af32bb18575ac64ffe321e2e3830fb03fb92a567	d6368c79bc1778a913fd723702978b4f8842e008	docs/oracle-protocol-ir-cfg-emitter.md:1887:`6866ce3d8f8f96d8f8ed59c932f1002e962763635702de687cd2dabb18b68c80` at `af32bb1`,	retained-as-pre-repair-provenance
af32bb18575ac64ffe321e2e3830fb03fb92a567	d6368c79bc1778a913fd723702978b4f8842e008	docs/oracle-protocol-ir-cfg-emitter.md:1898:`git diff --numstat af32bb1` for the non-protocol files: 10 insertions and 308	retained-as-pre-repair-provenance
af32bb18575ac64ffe321e2e3830fb03fb92a567	d6368c79bc1778a913fd723702978b4f8842e008	docs/oracle-protocol-ir-cfg-emitter.md:1911:`af32bb1`, take the new file from its first item onward, collapse every run of	retained-as-pre-repair-provenance
af32bb18575ac64ffe321e2e3830fb03fb92a567	d6368c79bc1778a913fd723702978b4f8842e008	docs/oracle-protocol-ir-cfg-emitter.md:1969:git show af32bb1:scripts/ci-check.sh > /tmp/cic-prev.sh	retained-as-pre-repair-provenance
af32bb18575ac64ffe321e2e3830fb03fb92a567	d6368c79bc1778a913fd723702978b4f8842e008	docs/oracle-protocol-ir-cfg-emitter.md:1982:each new form is a strict superset of the old: every target `af32bb1` named is	retained-as-pre-repair-provenance
af32bb18575ac64ffe321e2e3830fb03fb92a567	d6368c79bc1778a913fd723702978b4f8842e008	docs/oracle-protocol-ir-cfg-emitter.md:2139:   at `af32bb1` every one of the twenty-six silencings in 15.4 passed every gate	retained-as-pre-repair-provenance
af32bb18575ac64ffe321e2e3830fb03fb92a567	d6368c79bc1778a913fd723702978b4f8842e008	docs/oracle-protocol-ir-cfg-emitter.md:2147:   `af32bb1`, so the text is recoverable from history. `1371e42` is untouched.	retained-as-pre-repair-provenance
6d501c83aac35cd74039834c05530333db6ccfb0	4f8fb54b3becb3b71bcf3dfa3e2cee29e548e15b	docs/oracle-protocol-ir-cfg-emitter.md:1272:| `c95daa6` through `af32bb1` | third move, adjudicated here, superseded at `6d501c8` | `1bda72504e7ada1c8a2e7798ca314b3843ebc6cf8b8202851de42dd542573abd` |	retained-as-pre-repair-provenance
6d501c83aac35cd74039834c05530333db6ccfb0	4f8fb54b3becb3b71bcf3dfa3e2cee29e548e15b	docs/oracle-protocol-ir-cfg-emitter.md:1279:| `c95daa6` through `af32bb1` | fifth move, adjudicated here, superseded at `6d501c8` | `386e0f2a22a25c774ff43da8621e947d9c3a4137e57a5d8ee6bbad973eb25c48` |	retained-as-pre-repair-provenance
6d501c83aac35cd74039834c05530333db6ccfb0	4f8fb54b3becb3b71bcf3dfa3e2cee29e548e15b	docs/oracle-protocol-ir-cfg-emitter.md:1285:seven times since, the first of them at `6d501c8` in section 15, and section 7	retained-as-pre-repair-provenance
6d501c83aac35cd74039834c05530333db6ccfb0	4f8fb54b3becb3b71bcf3dfa3e2cee29e548e15b	docs/oracle-protocol-ir-cfg-emitter.md:1300:`6d501c8` in section 15, so `sha256sum <path>` reproduces neither.	retained-as-pre-repair-provenance
6d501c83aac35cd74039834c05530333db6ccfb0	4f8fb54b3becb3b71bcf3dfa3e2cee29e548e15b	docs/oracle-protocol-ir-cfg-emitter.md:1842:| `6d501c8` through `5fa97f2` | fourth move, adjudicated here, superseded at `7b8628a` | `e93e04f71f67dc57379fcca164af80d58a403889095bcc4aced48de990b44c59` |	retained-as-pre-repair-provenance
6d501c83aac35cd74039834c05530333db6ccfb0	4f8fb54b3becb3b71bcf3dfa3e2cee29e548e15b	docs/oracle-protocol-ir-cfg-emitter.md:1850:| `6d501c8` through `5fa97f2` | sixth move, adjudicated here, superseded at `7b8628a` | `ec5e015bc65317c8b477c582b52a9a6d91c618e6becfe31da019b4bb34995401` |	retained-as-pre-repair-provenance
6d501c83aac35cd74039834c05530333db6ccfb0	4f8fb54b3becb3b71bcf3dfa3e2cee29e548e15b	docs/oracle-protocol-ir-cfg-emitter.md:1858:| `6d501c8` through `b396a62` | first move since section 13, adjudicated here, superseded at `c58013d` | `b8e06c148c0268f23acbb9547e5b9248b3f4ebc6903a48e8d21112be41e3ef49` |	retained-as-pre-repair-provenance
6d501c83aac35cd74039834c05530333db6ccfb0	4f8fb54b3becb3b71bcf3dfa3e2cee29e548e15b	docs/oracle-protocol-ir-cfg-emitter.md:1877:Their digests at `6d501c8` are the nine rows this commit adds to the section 7	retained-as-pre-repair-provenance
6d501c83aac35cd74039834c05530333db6ccfb0	4f8fb54b3becb3b71bcf3dfa3e2cee29e548e15b	docs/oracle-protocol-ir-cfg-emitter.md:2225:| `6d501c8` | unchanged through every prior mission commit | `e5e53a705aa16f6b27df6d99375da0d76106fc6f16f462301ab858d5e77a21ad` |	retained-as-pre-repair-provenance
6d501c83aac35cd74039834c05530333db6ccfb0	4f8fb54b3becb3b71bcf3dfa3e2cee29e548e15b	docs/oracle-protocol-ir-cfg-emitter.md:2233:| `6d501c8` | unchanged through every prior mission commit | `a65298cde1ed807a838199162397bd51ff7f35e38941a0bd274872116b8c4668` |	retained-as-pre-repair-provenance
6d501c83aac35cd74039834c05530333db6ccfb0	4f8fb54b3becb3b71bcf3dfa3e2cee29e548e15b	docs/oracle-protocol-ir-cfg-emitter.md:2395:| `6d501c8` | three targets and nine rows added, section 15 | `b8e06c148c0268f23acbb9547e5b9248b3f4ebc6903a48e8d21112be41e3ef49` |	retained-as-pre-repair-provenance
92c14a815c600501a47619cb00c81b7440d286d9	90b26dec6cc92c1ceb0faae04a3ad108c70c5ccd	docs/oracle-protocol-ir-cfg-emitter.md:2161:Commit `92c14a8` changed what a `_block_N()` call means in a finished artifact,	retained-as-pre-repair-provenance
92c14a815c600501a47619cb00c81b7440d286d9	90b26dec6cc92c1ceb0faae04a3ad108c70c5ccd	docs/oracle-protocol-ir-cfg-emitter.md:2226:| `92c14a8` | current, recorded in section 7 | `9b8d3117e3e1c510fbbf6a1a8217ac795968aba1661d938a02ffd0abedeaf79c` |	retained-as-pre-repair-provenance
92c14a815c600501a47619cb00c81b7440d286d9	90b26dec6cc92c1ceb0faae04a3ad108c70c5ccd	docs/oracle-protocol-ir-cfg-emitter.md:2234:| `92c14a8` | current, recorded in section 7 | `7d1d87fa9401d07ab19b4bbb190edf1c53538a6da83ccd0e891b851b63200e63` |	retained-as-pre-repair-provenance
92c14a815c600501a47619cb00c81b7440d286d9	90b26dec6cc92c1ceb0faae04a3ad108c70c5ccd	docs/oracle-protocol-ir-cfg-emitter.md:2294:   `92c14a8`, the same commit as the product change, rather than in a commit of	retained-as-pre-repair-provenance
92c14a815c600501a47619cb00c81b7440d286d9	90b26dec6cc92c1ceb0faae04a3ad108c70c5ccd	docs/oracle-protocol-ir-cfg-emitter.md:2299:   files are separable: `git show 92c14a8 -- <the two paths>` is the whole ruler	retained-as-pre-repair-provenance
92c14a815c600501a47619cb00c81b7440d286d9	90b26dec6cc92c1ceb0faae04a3ad108c70c5ccd	docs/research-ir-cfg-emitter.md:745:| D1 | Closed at `92c14a8`: coverage collapse on large declined graphs, every omitted path rewritten to `return null;` with every helper definition deleted | Closed, measured before and after on all 33 benchmark cases | Sections 12.3 and 19 |	retained-as-pre-repair-provenance
92c14a815c600501a47619cb00c81b7440d286d9	90b26dec6cc92c1ceb0faae04a3ad108c70c5ccd	docs/research-ir-cfg-emitter.md:753:closed at `92c14a8` and section 19 records the fix, the tests that now fail on	retained-as-pre-repair-provenance
92c14a815c600501a47619cb00c81b7440d286d9	90b26dec6cc92c1ceb0faae04a3ad108c70c5ccd	docs/research-ir-cfg-emitter.md:1320:## 19. Emission omissions and declines, implemented at `92c14a8` and `f5f0b83`	retained-as-pre-repair-provenance
92c14a815c600501a47619cb00c81b7440d286d9	90b26dec6cc92c1ceb0faae04a3ad108c70c5ccd	docs/research-ir-cfg-emitter.md:1322:Two commits close D1 and D3 and give both of them a vocabulary. `92c14a8` stops	retained-as-pre-repair-provenance
92c14a815c600501a47619cb00c81b7440d286d9	90b26dec6cc92c1ceb0faae04a3ad108c70c5ccd	docs/research-ir-cfg-emitter.md:1473:`92c14a815c600501a47619cb00c81b7440d286d9`, whole structured rollback at	retained-as-pre-repair-provenance
f5f0b83dd17a86574abdfcf23cac2f459b1ccf13	6240c6c580fa419b180e1c1330cf4a21c9f3f6e4	docs/research-ir-cfg-emitter.md:747:| D3 | Closed at `f5f0b83`: `omitted_blocks` was not part of the structured rollback, and neither were the helper set, the names, several anchors or the traversal bookkeeping | Closed, asserted by a poisoned-state differential against direct DFS | Sections 7 and 19 |	retained-as-pre-repair-provenance
f5f0b83dd17a86574abdfcf23cac2f459b1ccf13	6240c6c580fa419b180e1c1330cf4a21c9f3f6e4	docs/research-ir-cfg-emitter.md:755:`f5f0b83`, which replaced the hand-listed rollback with a whole snapshot.	retained-as-pre-repair-provenance
f5f0b83dd17a86574abdfcf23cac2f459b1ccf13	6240c6c580fa419b180e1c1330cf4a21c9f3f6e4	docs/research-ir-cfg-emitter.md:1320:## 19. Emission omissions and declines, implemented at `92c14a8` and `f5f0b83`	retained-as-pre-repair-provenance
f5f0b83dd17a86574abdfcf23cac2f459b1ccf13	6240c6c580fa419b180e1c1330cf4a21c9f3f6e4	docs/research-ir-cfg-emitter.md:1324:`f5f0b83` gives every structured decline one primary cause and makes its	retained-as-pre-repair-provenance
f5f0b83dd17a86574abdfcf23cac2f459b1ccf13	6240c6c580fa419b180e1c1330cf4a21c9f3f6e4	docs/research-ir-cfg-emitter.md:1474:`f5f0b83dd17a86574abdfcf23cac2f459b1ccf13`, verified invalid-graph accounting	retained-as-pre-repair-provenance
b396a6220c9be7c947a9970ab5a576cba444025f	b5c9a38061e8daa7f7bd8ea1214d6de2ae508c20	docs/oracle-protocol-ir-cfg-emitter.md:1858:| `6d501c8` through `b396a62` | first move since section 13, adjudicated here, superseded at `c58013d` | `b8e06c148c0268f23acbb9547e5b9248b3f4ebc6903a48e8d21112be41e3ef49` |	retained-as-pre-repair-provenance
b396a6220c9be7c947a9970ab5a576cba444025f	b5c9a38061e8daa7f7bd8ea1214d6de2ae508c20	docs/oracle-protocol-ir-cfg-emitter.md:2400:commit each row names; the second is the value section 7 carried at `b396a62`,	retained-as-pre-repair-provenance
b396a6220c9be7c947a9970ab5a576cba444025f	b5c9a38061e8daa7f7bd8ea1214d6de2ae508c20	docs/oracle-protocol-ir-cfg-emitter.md:2416:1. At `b396a62`, the parent, the table said	retained-as-pre-repair-provenance
b396a6220c9be7c947a9970ab5a576cba444025f	b5c9a38061e8daa7f7bd8ea1214d6de2ae508c20	docs/oracle-protocol-ir-cfg-emitter.md:2433:that path together with the one-line row in section 7 restores `b396a62`'s	retained-as-pre-repair-provenance
b396a6220c9be7c947a9970ab5a576cba444025f	b5c9a38061e8daa7f7bd8ea1214d6de2ae508c20	docs/oracle-protocol-ir-cfg-emitter.md:2446:Additive in the strict sense: every check those lanes made at `b396a62` is still	retained-as-pre-repair-provenance
b396a6220c9be7c947a9970ab5a576cba444025f	b5c9a38061e8daa7f7bd8ea1214d6de2ae508c20	docs/oracle-protocol-ir-cfg-emitter.md:2495:- The checker at `b396a62` exits **0**. It prints	retained-as-pre-repair-provenance
b396a6220c9be7c947a9970ab5a576cba444025f	b5c9a38061e8daa7f7bd8ea1214d6de2ae508c20	docs/oracle-protocol-ir-cfg-emitter.md:2539:   except the checker's own is byte-identical to what it was at `b396a62`.	retained-as-pre-repair-provenance
c58013d0c26836845c9eaacb046d32b14d1b0052	62f0dbb9a113e46de9e7bad9ad31535029708dcf	docs/oracle-protocol-ir-cfg-emitter.md:1858:| `6d501c8` through `b396a62` | first move since section 13, adjudicated here, superseded at `c58013d` | `b8e06c148c0268f23acbb9547e5b9248b3f4ebc6903a48e8d21112be41e3ef49` |	retained-as-pre-repair-provenance
c58013d0c26836845c9eaacb046d32b14d1b0052	62f0dbb9a113e46de9e7bad9ad31535029708dcf	docs/oracle-protocol-ir-cfg-emitter.md:1893:`7b8628a` in section 19 and the third at `c58013d` in section 17, so	retained-as-pre-repair-provenance
c58013d0c26836845c9eaacb046d32b14d1b0052	62f0dbb9a113e46de9e7bad9ad31535029708dcf	docs/oracle-protocol-ir-cfg-emitter.md:2323:Commit `c58013d` moves `scripts/check-oracle-inventory.py`, which is a protected	retained-as-pre-repair-provenance
c58013d0c26836845c9eaacb046d32b14d1b0052	62f0dbb9a113e46de9e7bad9ad31535029708dcf	docs/oracle-protocol-ir-cfg-emitter.md:2357:56 rows at `c58013d`, which was every digest row of section 7 and no other row of	retained-as-pre-repair-provenance
c58013d0c26836845c9eaacb046d32b14d1b0052	62f0dbb9a113e46de9e7bad9ad31535029708dcf	docs/oracle-protocol-ir-cfg-emitter.md:2396:| `c58013d` through `5fa97f2` | second move, adjudicated here, superseded at `7b8628a` | `98e7f29f8ebebaf68dc28c82ec465eb359cf3b91280f808ce1dfb3d17221bbf0` |	retained-as-pre-repair-provenance
c58013d0c26836845c9eaacb046d32b14d1b0052	62f0dbb9a113e46de9e7bad9ad31535029708dcf	docs/oracle-protocol-ir-cfg-emitter.md:2401:and the third is the value it carried from `c58013d` through `5fa97f2`. All three	retained-as-pre-repair-provenance
c58013d0c26836845c9eaacb046d32b14d1b0052	62f0dbb9a113e46de9e7bad9ad31535029708dcf	docs/oracle-protocol-ir-cfg-emitter.md:2406:No other protected file changed. `git diff --name-only` for `c58013d` is two	retained-as-pre-repair-provenance
c58013d0c26836845c9eaacb046d32b14d1b0052	62f0dbb9a113e46de9e7bad9ad31535029708dcf	docs/oracle-protocol-ir-cfg-emitter.md:2426:3. `c58013d` therefore carries both. The code was written first and the row was	retained-as-pre-repair-provenance
c58013d0c26836845c9eaacb046d32b14d1b0052	62f0dbb9a113e46de9e7bad9ad31535029708dcf	docs/oracle-protocol-ir-cfg-emitter.md:2431:The ruler is still separable for review. `git show c58013d --	retained-as-pre-repair-provenance
c58013d0c26836845c9eaacb046d32b14d1b0052	62f0dbb9a113e46de9e7bad9ad31535029708dcf	docs/oracle-protocol-ir-cfg-emitter.md:2455:A full `scripts/ci-check.sh` on the clean tree at `c58013d` exits 0 with 14	retained-as-pre-repair-provenance
c58013d0c26836845c9eaacb046d32b14d1b0052	62f0dbb9a113e46de9e7bad9ad31535029708dcf	docs/oracle-protocol-ir-cfg-emitter.md:2461:Every plant is one edit against a clean `c58013d`, restored between rows. All	retained-as-pre-repair-provenance
c58013d0c26836845c9eaacb046d32b14d1b0052	62f0dbb9a113e46de9e7bad9ad31535029708dcf	docs/oracle-protocol-ir-cfg-emitter.md:2505:- The checker at `c58013d` exits **1** and names the file and both digests.	retained-as-pre-repair-provenance
7b947db19e11c4f56ad3193f875c915a766bacd8	c93e415cfe0e3316189ea9b153b7cfd93e30743b	docs/compat-evidence/artifact-manifest.tsv:9007:ir/03205_sub_9511d8.json	43307	4cea634f68e8aa7d72c39c1d9985a2cf0553aa12f6123c5b0bc78172b765cc9b	182526	67b947db0075888b4d1e886ac1c2ff5b30f351067ab6cb689ac38be537629c82	retained-as-pre-repair-provenance
