run	case	phase	pairs	reference_median_nanos	reference_mad_nanos	candidate_median_nanos	candidate_mad_nanos	median_paired_delta	noise_mad_of_deltas	mde	clears_mde
aa-1	diamond-chain/1024/base	cfg	15	20850081.0	212950.0	21222257.0	394096.0	+0.021887	0.020449	0.061347	false
aa-1	diamond-chain/1024/base	combined	15	130540211.0	1464133.0	132540728.0	926411.0	+0.015940	0.018911	0.056732	false
aa-1	diamond-chain/1024/base	emission_exclusive	15	81805062.0	820657.0	83243913.0	457329.0	+0.015797	0.020942	0.062827	false
aa-1	diamond-chain/1024/base	ir	15	5920200.0	111854.0	5898350.0	128372.0	-0.003726	0.028231	0.084693	false
aa-1	diamond-chain/1024/base	serialization	15	22059869.0	354688.0	21998455.0	351045.0	+0.003912	0.028134	0.084403	false
aa-1	diamond-chain/1024/heavy	cfg	15	20608647.0	165590.0	20464214.0	213102.0	-0.004499	0.015796	0.050000	false
aa-1	diamond-chain/1024/heavy	combined	15	339988346.0	1906727.0	341566287.0	1082272.0	+0.008589	0.008427	0.050000	false
aa-1	diamond-chain/1024/heavy	emission_exclusive	15	224272914.0	1327567.0	225107190.0	814564.0	+0.007238	0.008130	0.050000	false
aa-1	diamond-chain/1024/heavy	ir	15	24339852.0	96513.0	24445862.0	60965.0	+0.001851	0.006363	0.050000	false
aa-1	diamond-chain/1024/heavy	serialization	15	71016265.0	764840.0	71261950.0	867746.0	+0.001933	0.019927	0.059780	false
aa-1	diamond-chain/1024/light	cfg	15	18473823.0	351085.0	18399954.0	283536.0	-0.005891	0.022887	0.068661	false
aa-1	diamond-chain/1024/light	combined	15	134891982.0	1365573.0	135463508.0	708008.0	+0.006131	0.017067	0.051200	false
aa-1	diamond-chain/1024/light	emission_exclusive	15	87135384.0	1002556.0	88178640.0	538320.0	+0.009479	0.018607	0.055822	false
aa-1	diamond-chain/1024/light	ir	15	7088260.0	127009.0	7073311.0	130587.0	-0.004714	0.025728	0.077184	false
aa-1	diamond-chain/1024/light	serialization	15	22100288.0	482141.0	21679033.0	407764.0	-0.017504	0.029698	0.089094	false
aa-1	diamond-chain/256/base	cfg	15	1231888.0	18133.0	1223183.0	8085.0	+0.014429	0.028853	0.086560	false
aa-1	diamond-chain/256/base	combined	15	27717458.0	297756.0	28056355.0	173470.0	+0.008344	0.015452	0.050000	false
aa-1	diamond-chain/256/base	emission_exclusive	15	20236874.0	242365.0	20607664.0	129834.0	+0.013681	0.011249	0.050000	false
aa-1	diamond-chain/256/base	ir	15	636844.0	4589.0	635512.0	5970.0	-0.000569	0.017077	0.051231	false
aa-1	diamond-chain/256/base	serialization	15	5565350.0	93425.0	5558016.0	123163.0	-0.003345	0.021821	0.065464	false
aa-1	diamond-chain/256/heavy	cfg	15	1201942.0	7444.0	1205138.0	11673.0	+0.008253	0.010284	0.050000	false
aa-1	diamond-chain/256/heavy	combined	15	76545671.0	801410.0	77121745.0	497235.0	+0.003615	0.012799	0.050000	false
aa-1	diamond-chain/256/heavy	emission_exclusive	15	55577664.0	727321.0	56297491.0	417955.0	+0.019488	0.017578	0.052735	false
aa-1	diamond-chain/256/heavy	ir	15	2357636.0	30176.0	2328973.0	25728.0	-0.011226	0.013638	0.050000	false
aa-1	diamond-chain/256/heavy	serialization	15	17408686.0	289852.0	16992602.0	447156.0	-0.022134	0.016575	0.050000	false
aa-1	diamond-chain/256/light	cfg	15	1183437.0	5190.0	1189388.0	4558.0	-0.001037	0.008938	0.050000	false
aa-1	diamond-chain/256/light	combined	15	28857543.0	269475.0	29459430.0	173552.0	+0.019358	0.011719	0.050000	false
aa-1	diamond-chain/256/light	emission_exclusive	15	21574684.0	252608.0	21923313.0	84711.0	+0.015722	0.015428	0.050000	false
aa-1	diamond-chain/256/light	ir	15	717947.0	2785.0	724400.0	5251.0	+0.006422	0.005756	0.050000	false
aa-1	diamond-chain/256/light	serialization	15	5463819.0	97874.0	5587010.0	85933.0	+0.026860	0.022683	0.068049	false
aa-1	diamond-chain/64/base	cfg	15	108125.0	3497.0	106101.0	1734.0	-0.002976	0.042223	0.126669	false
aa-1	diamond-chain/64/base	combined	15	6838938.0	52459.0	6918809.0	52199.0	+0.010211	0.017914	0.053743	false
aa-1	diamond-chain/64/base	emission_exclusive	15	5178299.0	46559.0	5270373.0	56856.0	+0.015221	0.019202	0.057607	false
aa-1	diamond-chain/64/base	ir	15	122241.0	6032.0	122552.0	5099.0	-0.029314	0.062423	0.187269	false
aa-1	diamond-chain/64/base	serialization	15	1412591.0	26180.0	1410827.0	24355.0	-0.003006	0.020022	0.060066	false
aa-1	diamond-chain/64/heavy	cfg	15	100851.0	470.0	101843.0	1323.0	+0.005152	0.012494	0.050000	false
aa-1	diamond-chain/64/heavy	combined	15	18850305.0	231747.0	19080592.0	187362.0	+0.012786	0.015533	0.050000	false
aa-1	diamond-chain/64/heavy	emission_exclusive	15	13903654.0	132594.0	14191599.0	157376.0	+0.017114	0.017959	0.053877	false
aa-1	diamond-chain/64/heavy	ir	15	392833.0	6964.0	385980.0	3347.0	-0.008878	0.019397	0.058192	false
aa-1	diamond-chain/64/heavy	serialization	15	4403404.0	91733.0	4332260.0	133533.0	-0.015267	0.034529	0.103587	false
aa-1	diamond-chain/64/light	cfg	15	102654.0	1684.0	103807.0	1421.0	+0.007145	0.023923	0.071770	false
aa-1	diamond-chain/64/light	combined	15	7083971.0	46047.0	7203988.0	69100.0	+0.010026	0.010221	0.050000	false
aa-1	diamond-chain/64/light	emission_exclusive	15	5434154.0	33081.0	5560430.0	54535.0	+0.016187	0.011748	0.050000	false
aa-1	diamond-chain/64/light	ir	15	132611.0	2796.0	130687.0	2716.0	-0.009465	0.011457	0.050000	false
aa-1	diamond-chain/64/light	serialization	15	1406208.0	21581.0	1383786.0	31460.0	-0.013544	0.031545	0.094635	false
aa-1	fan-in/1024/base	cfg	15	10692581.0	329675.0	10911266.0	227430.0	+0.001855	0.038652	0.115956	false
aa-1	fan-in/1024/base	combined	15	790572221.0	2391726.0	798744838.0	3431653.0	+0.007536	0.002247	0.050000	false
aa-1	fan-in/1024/base	emission_exclusive	15	771699340.0	2919032.0	778701618.0	3160816.0	+0.007792	0.003317	0.050000	false
aa-1	fan-in/1024/base	ir	15	6909482.0	128792.0	6984963.0	118375.0	+0.011736	0.016401	0.050000	false
aa-1	fan-in/1024/base	serialization	15	1820551.0	6522.0	1826413.0	17543.0	+0.000724	0.008395	0.050000	false
aa-1	fan-in/256/base	cfg	15	536203.0	11290.0	575898.0	22933.0	+0.042004	0.047646	0.142939	false
aa-1	fan-in/256/base	combined	15	80421397.0	241552.0	81297989.0	402928.0	+0.013817	0.006665	0.050000	false
aa-1	fan-in/256/base	emission_exclusive	15	78238758.0	237390.0	79121721.0	338093.0	+0.013521	0.006737	0.050000	false
aa-1	fan-in/256/base	ir	15	676038.0	3898.0	677701.0	7735.0	+0.004565	0.009375	0.050000	false
aa-1	fan-in/256/base	serialization	15	955557.0	7996.0	943554.0	24787.0	-0.023751	0.025053	0.075159	false
aa-1	fan-in/64/base	cfg	15	69562.0	1032.0	74701.0	3477.0	+0.035174	0.054874	0.164622	false
aa-1	fan-in/64/base	combined	15	23988936.0	145852.0	24647155.0	120257.0	+0.024690	0.008601	0.050000	false
aa-1	fan-in/64/base	emission_exclusive	15	19940629.0	84197.0	20648613.0	41019.0	+0.035495	0.006502	0.050000	false
aa-1	fan-in/64/base	ir	15	118845.0	1894.0	121821.0	3568.0	+0.021294	0.053830	0.161490	false
aa-1	fan-in/64/base	serialization	15	3784153.0	60464.0	3816585.0	105959.0	+0.007157	0.031273	0.093819	false
aa-1	irreducible/1024/base	cfg	15	19811692.0	286053.0	19610001.0	168408.0	-0.004589	0.042293	0.126880	false
aa-1	irreducible/1024/base	combined	15	2991348448.0	5403608.0	3012863860.0	11568365.0	+0.004660	0.004002	0.050000	false
aa-1	irreducible/1024/base	emission_exclusive	15	2958757344.0	5607185.0	2980708722.0	11138392.0	+0.004889	0.002428	0.050000	false
aa-1	irreducible/1024/base	ir	15	6104130.0	87113.0	6124006.0	72676.0	-0.000916	0.009078	0.050000	false
aa-1	irreducible/1024/base	serialization	15	6824231.0	59933.0	6485019.0	51768.0	-0.048742	0.009079	0.050000	false
aa-1	irreducible/256/base	cfg	15	1151927.0	11441.0	1133683.0	5530.0	-0.013117	0.011983	0.050000	false
aa-1	irreducible/256/base	combined	15	1077003501.0	7460919.0	1083219780.0	4179121.0	+0.009393	0.006988	0.050000	false
aa-1	irreducible/256/base	emission_exclusive	15	1070100463.0	7449867.0	1076405648.0	4182838.0	+0.009628	0.006941	0.050000	false
aa-1	irreducible/256/base	ir	15	655870.0	7304.0	655118.0	3236.0	-0.001371	0.008864	0.050000	false
aa-1	irreducible/256/base	serialization	15	5080244.0	27973.0	5032293.0	57229.0	-0.012270	0.012596	0.050000	false
aa-1	irreducible/64/base	cfg	15	89258.0	802.0	89459.0	641.0	+0.000899	0.015826	0.050000	false
aa-1	irreducible/64/base	combined	15	373438524.0	2446696.0	377729388.0	1836450.0	+0.011791	0.009813	0.050000	false
aa-1	irreducible/64/base	emission_exclusive	15	368481993.0	2362705.0	372853074.0	1818670.0	+0.011589	0.009075	0.050000	false
aa-1	irreducible/64/base	ir	15	118263.0	1071.0	117502.0	1092.0	-0.003592	0.010808	0.050000	false
aa-1	irreducible/64/base	serialization	15	4748707.0	57719.0	4639561.0	108976.0	-0.026581	0.021934	0.065803	false
aa-1	linear/1024/base	cfg	15	22923817.0	126821.0	23043342.0	219223.0	+0.006075	0.010424	0.050000	false
aa-1	linear/1024/base	combined	15	99159859.0	490520.0	100600994.0	766956.0	+0.012118	0.013049	0.050000	false
aa-1	linear/1024/base	emission_exclusive	15	51698175.0	331599.0	53346942.0	618218.0	+0.015444	0.017323	0.051969	false
aa-1	linear/1024/base	ir	15	5738738.0	78558.0	5693593.0	78507.0	-0.000710	0.022005	0.066016	false
aa-1	linear/1024/base	serialization	15	18320830.0	158005.0	18624047.0	432128.0	+0.012278	0.026200	0.078599	false
aa-1	linear/1024/heavy	cfg	15	21576229.0	204859.0	21720502.0	218333.0	+0.006140	0.011172	0.050000	false
aa-1	linear/1024/heavy	combined	15	276334731.0	1766832.0	275487084.0	2385541.0	+0.000055	0.008668	0.050000	false
aa-1	linear/1024/heavy	emission_exclusive	15	159858408.0	1074124.0	160996737.0	1723317.0	+0.008910	0.010039	0.050000	false
aa-1	linear/1024/heavy	ir	15	26434629.0	67663.0	26649424.0	95475.0	+0.007597	0.003988	0.050000	false
aa-1	linear/1024/heavy	serialization	15	67833640.0	1050251.0	65109172.0	1278464.0	-0.033811	0.015116	0.050000	false
aa-1	linear/1024/light	cfg	15	21592655.0	151722.0	21844381.0	266766.0	+0.009678	0.018546	0.055637	false
aa-1	linear/1024/light	combined	15	103455300.0	693996.0	104653109.0	1297939.0	+0.010619	0.010352	0.050000	false
aa-1	linear/1024/light	emission_exclusive	15	55978624.0	319959.0	57204972.0	570626.0	+0.015738	0.011087	0.050000	false
aa-1	linear/1024/light	ir	15	6879897.0	56198.0	6975597.0	142870.0	-0.001077	0.013697	0.050000	false
aa-1	linear/1024/light	serialization	15	18506943.0	390377.0	18507575.0	608279.0	-0.022440	0.019622	0.058867	false
aa-1	linear/256/base	cfg	15	1415486.0	16992.0	1435623.0	14778.0	+0.009730	0.018679	0.056036	false
aa-1	linear/256/base	combined	15	19722421.0	130559.0	19809298.0	169983.0	+0.001369	0.014672	0.050000	false
aa-1	linear/256/base	emission_exclusive	15	12954920.0	180490.0	13162653.0	124996.0	+0.012795	0.008751	0.050000	false
aa-1	linear/256/base	ir	15	614021.0	3215.0	617057.0	4359.0	+0.003834	0.008657	0.050000	false
aa-1	linear/256/base	serialization	15	4654880.0	86996.0	4581881.0	59813.0	-0.022718	0.028659	0.085977	false
aa-1	linear/256/heavy	cfg	15	1112153.0	6922.0	1121640.0	8987.0	+0.001726	0.007269	0.050000	false
aa-1	linear/256/heavy	combined	15	60205378.0	358499.0	60850799.0	909557.0	+0.009317	0.014419	0.050000	false
aa-1	linear/256/heavy	emission_exclusive	15	39870309.0	296166.0	40251201.0	227457.0	+0.007618	0.010367	0.050000	false
aa-1	linear/256/heavy	ir	15	2754497.0	29265.0	2788852.0	21451.0	+0.012742	0.023783	0.071348	false
aa-1	linear/256/heavy	serialization	15	16433758.0	241230.0	16294986.0	495773.0	-0.018152	0.027435	0.082304	false
aa-1	linear/256/light	cfg	15	1256064.0	23394.0	1295790.0	18374.0	+0.019363	0.027204	0.081611	false
aa-1	linear/256/light	combined	15	20782527.0	124717.0	20761404.0	113310.0	+0.001970	0.010129	0.050000	false
aa-1	linear/256/light	emission_exclusive	15	14175055.0	81497.0	14286558.0	136218.0	+0.011026	0.011288	0.050000	false
aa-1	linear/256/light	ir	15	700604.0	4328.0	698911.0	5430.0	-0.003840	0.009312	0.050000	false
aa-1	linear/256/light	serialization	15	4539942.0	48191.0	4549511.0	46227.0	+0.001401	0.017871	0.053612	false
aa-1	linear/64/base	cfg	15	115749.0	1863.0	117432.0	1393.0	-0.003032	0.025871	0.077612	false
aa-1	linear/64/base	combined	15	4893550.0	15018.0	4917126.0	18195.0	+0.003252	0.004924	0.050000	false
aa-1	linear/64/base	emission_exclusive	15	3449339.0	15197.0	3492863.0	9398.0	+0.013294	0.007420	0.050000	false
aa-1	linear/64/base	ir	15	141848.0	1703.0	139143.0	1102.0	-0.013443	0.016198	0.050000	false
aa-1	linear/64/base	serialization	15	1190831.0	3647.0	1160794.0	3838.0	-0.026755	0.005634	0.050000	false
aa-1	linear/64/heavy	cfg	15	89549.0	671.0	90852.0	1002.0	+0.007964	0.022849	0.068547	false
aa-1	linear/64/heavy	combined	15	15032497.0	84702.0	14995387.0	110517.0	-0.003194	0.011718	0.050000	false
aa-1	linear/64/heavy	emission_exclusive	15	10248193.0	95401.0	10347379.0	45756.0	+0.009773	0.009229	0.050000	false
aa-1	linear/64/heavy	ir	15	471722.0	3456.0	473254.0	3135.0	+0.001152	0.007528	0.050000	false
aa-1	linear/64/heavy	serialization	15	4193438.0	50405.0	4147960.0	129513.0	-0.040385	0.046164	0.138491	false
aa-1	linear/64/light	cfg	15	88297.0	842.0	89108.0	361.0	+0.005995	0.013622	0.050000	false
aa-1	linear/64/light	combined	15	5023186.0	17752.0	5067609.0	26602.0	+0.008904	0.006393	0.050000	false
aa-1	linear/64/light	emission_exclusive	15	3609803.0	10820.0	3663486.0	12032.0	+0.015462	0.004865	0.050000	false
aa-1	linear/64/light	ir	15	126158.0	651.0	126018.0	1362.0	+0.000637	0.013093	0.050000	false
aa-1	linear/64/light	serialization	15	1196653.0	4870.0	1177015.0	20178.0	-0.010817	0.014645	0.050000	false
aa-1	multi-exit/1024/base	cfg	15	12294772.0	198284.0	12325589.0	119405.0	-0.004628	0.020923	0.062769	false
aa-1	multi-exit/1024/base	combined	15	897398999.0	3855757.0	903707108.0	3518398.0	+0.009907	0.008361	0.050000	false
aa-1	multi-exit/1024/base	emission_exclusive	15	876204984.0	3800408.0	882669180.0	3673272.0	+0.010338	0.008491	0.050000	false
aa-1	multi-exit/1024/base	ir	15	6908349.0	127950.0	6895706.0	146427.0	-0.008521	0.018323	0.054969	false
aa-1	multi-exit/1024/base	serialization	15	1843254.0	12152.0	1846250.0	13575.0	+0.000859	0.012892	0.050000	false
aa-1	multi-exit/256/base	cfg	15	563986.0	7434.0	567122.0	8115.0	+0.012677	0.024430	0.073290	false
aa-1	multi-exit/256/base	combined	15	112264212.0	633376.0	113443414.0	268865.0	+0.012709	0.003899	0.050000	false
aa-1	multi-exit/256/base	emission_exclusive	15	110056198.0	686387.0	111262529.0	252318.0	+0.012819	0.003797	0.050000	false
aa-1	multi-exit/256/base	ir	15	671219.0	2645.0	675907.0	5319.0	+0.001274	0.011422	0.050000	false
aa-1	multi-exit/256/base	serialization	15	939285.0	14368.0	928094.0	13966.0	-0.018757	0.016255	0.050000	false
aa-1	multi-exit/64/base	cfg	15	80181.0	1643.0	81945.0	1673.0	+0.012566	0.048306	0.144917	false
aa-1	multi-exit/64/base	combined	15	30938276.0	401003.0	31449937.0	192276.0	+0.005280	0.008138	0.050000	false
aa-1	multi-exit/64/base	emission_exclusive	15	25103967.0	218849.0	25597249.0	125000.0	+0.007736	0.009094	0.050000	false
aa-1	multi-exit/64/base	ir	15	117352.0	971.0	117852.0	901.0	+0.002314	0.014542	0.050000	false
aa-1	multi-exit/64/base	serialization	15	5539973.0	155144.0	5549170.0	42872.0	+0.009739	0.036980	0.110939	false
aa-1	nested-loop/1024/base	cfg	15	40709071.0	334374.0	40573472.0	305653.0	-0.002143	0.014203	0.050000	false
aa-1	nested-loop/1024/base	combined	15	125139673.0	1061299.0	125534738.0	327435.0	+0.000818	0.011299	0.050000	false
aa-1	nested-loop/1024/base	emission_exclusive	15	58579863.0	664342.0	59186987.0	83593.0	+0.005504	0.011149	0.050000	false
aa-1	nested-loop/1024/base	ir	15	5656183.0	86353.0	5759758.0	103396.0	+0.023016	0.031239	0.093717	false
aa-1	nested-loop/1024/base	serialization	15	19922732.0	540511.0	19994053.0	542083.0	+0.004664	0.040549	0.121647	false
aa-1	nested-loop/256/base	cfg	15	2275521.0	15870.0	2274200.0	14007.0	+0.007073	0.014380	0.050000	false
aa-1	nested-loop/256/base	combined	15	22869463.0	222921.0	22933602.0	54596.0	+0.008187	0.012635	0.050000	false
aa-1	nested-loop/256/base	emission_exclusive	15	14902318.0	150693.0	15077701.0	59876.0	+0.011243	0.016767	0.050300	false
aa-1	nested-loop/256/base	ir	15	618339.0	2264.0	622788.0	3648.0	+0.004816	0.009415	0.050000	false
aa-1	nested-loop/256/base	serialization	15	5051920.0	100080.0	4967430.0	61256.0	-0.000736	0.013975	0.050000	false
aa-1	nested-loop/64/base	cfg	15	183046.0	2054.0	184318.0	2004.0	+0.005629	0.009203	0.050000	false
aa-1	nested-loop/64/base	combined	15	5553778.0	55566.0	5594325.0	13355.0	+0.009281	0.016030	0.050000	false
aa-1	nested-loop/64/base	emission_exclusive	15	3957330.0	45485.0	4016012.0	21311.0	+0.021181	0.014597	0.050000	false
aa-1	nested-loop/64/base	ir	15	114867.0	2044.0	116390.0	2284.0	+0.009642	0.015387	0.050000	false
aa-1	nested-loop/64/base	serialization	15	1292322.0	13375.0	1291712.0	25268.0	-0.006016	0.018307	0.054920	false
aa-1	no-exit/1024/base	cfg	15	28178075.0	353907.0	28178908.0	306360.0	-0.001336	0.010017	0.050000	false
aa-1	no-exit/1024/base	combined	15	109925671.0	805213.0	110152443.0	777255.0	+0.006172	0.014711	0.050000	false
aa-1	no-exit/1024/base	emission_exclusive	15	56368693.0	678216.0	56963584.0	372911.0	+0.009307	0.018092	0.054275	false
aa-1	no-exit/1024/base	ir	15	5695537.0	110258.0	5752535.0	75692.0	-0.005638	0.010878	0.050000	false
aa-1	no-exit/1024/base	serialization	15	19444135.0	578744.0	19050462.0	483653.0	+0.000835	0.036705	0.110114	false
aa-1	no-exit/256/base	cfg	15	1510846.0	5971.0	1515645.0	7003.0	+0.002809	0.005716	0.050000	false
aa-1	no-exit/256/base	combined	15	21021736.0	132781.0	21073045.0	145628.0	+0.008333	0.013778	0.050000	false
aa-1	no-exit/256/base	emission_exclusive	15	14017761.0	118624.0	14145672.0	89864.0	+0.017486	0.016565	0.050000	false
aa-1	no-exit/256/base	ir	15	625332.0	4047.0	629450.0	5690.0	+0.008229	0.011562	0.050000	false
aa-1	no-exit/256/base	serialization	15	4838056.0	92746.0	4789093.0	139173.0	-0.014438	0.018893	0.056679	false
aa-1	no-exit/64/base	cfg	15	120528.0	932.0	124265.0	2345.0	+0.013305	0.016467	0.050000	false
aa-1	no-exit/64/base	combined	15	5097035.0	46688.0	5132232.0	46758.0	+0.007650	0.025166	0.075498	false
aa-1	no-exit/64/base	emission_exclusive	15	3604144.0	49784.0	3662844.0	35687.0	+0.020131	0.020482	0.061445	false
aa-1	no-exit/64/base	ir	15	113144.0	791.0	116059.0	1263.0	+0.020098	0.016381	0.050000	false
aa-1	no-exit/64/base	serialization	15	1227781.0	8366.0	1226168.0	10259.0	-0.021989	0.024266	0.072797	false
aa-2	diamond-chain/1024/base	cfg	15	20866902.0	89387.0	20698494.0	117844.0	-0.007475	0.008467	0.050000	false
aa-2	diamond-chain/1024/base	combined	15	130839690.0	1027742.0	131721245.0	799365.0	+0.010419	0.009764	0.050000	false
aa-2	diamond-chain/1024/base	emission_exclusive	15	81990333.0	769407.0	82885253.0	341929.0	+0.021811	0.012397	0.050000	false
aa-2	diamond-chain/1024/base	ir	15	5825805.0	91252.0	5733942.0	131658.0	+0.005900	0.026916	0.080747	false
aa-2	diamond-chain/1024/base	serialization	15	22376468.0	531966.0	22065318.0	484586.0	-0.000790	0.035099	0.105298	false
aa-2	diamond-chain/1024/heavy	cfg	15	20956633.0	347877.0	20566876.0	171603.0	-0.013193	0.026882	0.080645	false
aa-2	diamond-chain/1024/heavy	combined	15	338750953.0	1924884.0	341683635.0	2976266.0	+0.007201	0.007099	0.050000	false
aa-2	diamond-chain/1024/heavy	emission_exclusive	15	222605137.0	1027351.0	226394946.0	1785438.0	+0.011656	0.004281	0.050000	false
aa-2	diamond-chain/1024/heavy	ir	15	24368783.0	117752.0	24554004.0	268846.0	+0.002150	0.018735	0.056204	false
aa-2	diamond-chain/1024/heavy	serialization	15	69886175.0	1054320.0	69673853.0	2623101.0	-0.004432	0.021171	0.063513	false
aa-2	diamond-chain/1024/light	cfg	15	18686582.0	610106.0	18489970.0	360654.0	-0.007279	0.056804	0.170413	false
aa-2	diamond-chain/1024/light	combined	15	134834231.0	1985344.0	135565675.0	422066.0	+0.012238	0.013714	0.050000	false
aa-2	diamond-chain/1024/light	emission_exclusive	15	86545886.0	970646.0	88278301.0	182327.0	+0.019853	0.009813	0.050000	false
aa-2	diamond-chain/1024/light	ir	15	7026405.0	48051.0	7097289.0	84660.0	+0.008769	0.010336	0.050000	false
aa-2	diamond-chain/1024/light	serialization	15	22154658.0	366765.0	21740072.0	573056.0	-0.012548	0.013688	0.050000	false
aa-2	diamond-chain/256/base	cfg	15	1226609.0	9478.0	1212793.0	13545.0	-0.007412	0.016140	0.050000	false
aa-2	diamond-chain/256/base	combined	15	27465699.0	231248.0	28133731.0	138301.0	+0.023848	0.009480	0.050000	false
aa-2	diamond-chain/256/base	emission_exclusive	15	20097368.0	256877.0	20709748.0	108256.0	+0.030485	0.012603	0.050000	false
aa-2	diamond-chain/256/base	ir	15	630182.0	7074.0	640020.0	4870.0	+0.008620	0.018402	0.055206	false
aa-2	diamond-chain/256/base	serialization	15	5581312.0	98517.0	5565743.0	98626.0	-0.003713	0.017635	0.052906	false
aa-2	diamond-chain/256/heavy	cfg	15	1205269.0	9608.0	1196993.0	9899.0	-0.006529	0.008591	0.050000	false
aa-2	diamond-chain/256/heavy	combined	15	76205194.0	1036860.0	77063989.0	210794.0	+0.021459	0.007113	0.050000	false
aa-2	diamond-chain/256/heavy	emission_exclusive	15	55048421.0	865932.0	56372311.0	434413.0	+0.025337	0.014371	0.050000	false
aa-2	diamond-chain/256/heavy	ir	15	2330045.0	33713.0	2316880.0	40637.0	-0.005650	0.027574	0.082723	false
aa-2	diamond-chain/256/heavy	serialization	15	17590338.0	188286.0	17226280.0	318191.0	-0.016973	0.015489	0.050000	false
aa-2	diamond-chain/256/light	cfg	15	1199007.0	6863.0	1190471.0	12825.0	-0.011011	0.008987	0.050000	false
aa-2	diamond-chain/256/light	combined	15	28785032.0	298002.0	29422350.0	133884.0	+0.021798	0.007642	0.050000	false
aa-2	diamond-chain/256/light	emission_exclusive	15	21455064.0	284179.0	21951914.0	135958.0	+0.026399	0.014214	0.050000	false
aa-2	diamond-chain/256/light	ir	15	720171.0	3496.0	725883.0	3987.0	+0.004372	0.009099	0.050000	false
aa-2	diamond-chain/256/light	serialization	15	5449873.0	51777.0	5476875.0	78759.0	-0.004222	0.018309	0.054926	false
aa-2	diamond-chain/64/base	cfg	15	105399.0	1863.0	106131.0	1903.0	+0.004192	0.028850	0.086550	false
aa-2	diamond-chain/64/base	combined	15	6778155.0	94969.0	6955841.0	69001.0	+0.020461	0.014325	0.050000	false
aa-2	diamond-chain/64/base	emission_exclusive	15	5169484.0	71094.0	5295230.0	43121.0	+0.023063	0.015614	0.050000	false
aa-2	diamond-chain/64/base	ir	15	119957.0	3727.0	120598.0	3176.0	+0.031890	0.086942	0.260825	false
aa-2	diamond-chain/64/base	serialization	15	1402672.0	24516.0	1421808.0	20158.0	+0.001005	0.026558	0.079673	false
aa-2	diamond-chain/64/heavy	cfg	15	100870.0	763.0	100961.0	341.0	+0.003739	0.006191	0.050000	false
aa-2	diamond-chain/64/heavy	combined	15	18740972.0	231880.0	19046751.0	134022.0	+0.016485	0.014829	0.050000	false
aa-2	diamond-chain/64/heavy	emission_exclusive	15	13860806.0	154663.0	14233631.0	132221.0	+0.030125	0.018116	0.054347	false
aa-2	diamond-chain/64/heavy	ir	15	388344.0	6853.0	389407.0	4558.0	+0.009308	0.025482	0.076445	false
aa-2	diamond-chain/64/heavy	serialization	15	4417652.0	78628.0	4327912.0	19797.0	-0.007389	0.023501	0.070504	false
aa-2	diamond-chain/64/light	cfg	15	102133.0	922.0	101812.0	892.0	+0.001690	0.017814	0.053443	false
aa-2	diamond-chain/64/light	combined	15	7167262.0	124437.0	7206044.0	61456.0	+0.018506	0.015016	0.050000	false
aa-2	diamond-chain/64/light	emission_exclusive	15	5501752.0	82275.0	5568228.0	47600.0	+0.022768	0.013855	0.050000	false
aa-2	diamond-chain/64/light	ir	15	131048.0	1573.0	132660.0	2335.0	-0.007489	0.035036	0.105107	false
aa-2	diamond-chain/64/light	serialization	15	1405036.0	28774.0	1401600.0	17734.0	+0.001388	0.024565	0.073694	false
aa-2	fan-in/1024/base	cfg	15	10805670.0	308174.0	10901411.0	132260.0	-0.007131	0.033888	0.101664	false
aa-2	fan-in/1024/base	combined	15	790000883.0	2753083.0	797502072.0	3604177.0	+0.011752	0.005284	0.050000	false
aa-2	fan-in/1024/base	emission_exclusive	15	770802255.0	2967116.0	777879347.0	2465654.0	+0.012889	0.005035	0.050000	false
aa-2	fan-in/1024/base	ir	15	6864739.0	109378.0	6973334.0	193245.0	+0.004522	0.016853	0.050560	false
aa-2	fan-in/1024/base	serialization	15	1822716.0	17584.0	1819791.0	12302.0	-0.000369	0.010504	0.050000	false
aa-2	fan-in/256/base	cfg	15	559087.0	12564.0	586048.0	13856.0	+0.011780	0.038482	0.115446	false
aa-2	fan-in/256/base	combined	15	80426582.0	308318.0	81364686.0	287910.0	+0.011083	0.005143	0.050000	false
aa-2	fan-in/256/base	emission_exclusive	15	78206174.0	314360.0	79129480.0	308439.0	+0.011806	0.005902	0.050000	false
aa-2	fan-in/256/base	ir	15	675728.0	4638.0	684354.0	7114.0	+0.009502	0.010495	0.050000	false
aa-2	fan-in/256/base	serialization	15	963171.0	12012.0	953533.0	11101.0	-0.001762	0.018021	0.054064	false
aa-2	fan-in/64/base	cfg	15	73659.0	2634.0	76154.0	2715.0	+0.019577	0.039030	0.117089	false
aa-2	fan-in/64/base	combined	15	24034431.0	169259.0	24837822.0	201392.0	+0.032317	0.008363	0.050000	false
aa-2	fan-in/64/base	emission_exclusive	15	19919920.0	107179.0	20816157.0	94940.0	+0.047135	0.007392	0.050000	false
aa-2	fan-in/64/base	ir	15	127350.0	6171.0	136057.0	7835.0	+0.001410	0.051335	0.154006	false
aa-2	fan-in/64/base	serialization	15	3891188.0	84621.0	3816726.0	135115.0	-0.030768	0.030151	0.090454	false
aa-2	irreducible/1024/base	cfg	15	19797841.0	204746.0	19371364.0	199665.0	-0.024736	0.022167	0.066500	false
aa-2	irreducible/1024/base	combined	15	2991051684.0	4540400.0	2991225711.0	4963396.0	-0.000756	0.002849	0.050000	false
aa-2	irreducible/1024/base	emission_exclusive	15	2958284232.0	4191248.0	2958775147.0	4381965.0	-0.000850	0.002979	0.050000	false
aa-2	irreducible/1024/base	ir	15	6191075.0	143462.0	6120151.0	90170.0	+0.001694	0.037941	0.113823	false
aa-2	irreducible/1024/base	serialization	15	6756023.0	109035.0	6574660.0	41870.0	-0.019176	0.016487	0.050000	false
aa-2	irreducible/256/base	cfg	15	1137100.0	2776.0	1133383.0	9589.0	-0.009744	0.008731	0.050000	false
aa-2	irreducible/256/base	combined	15	1074481945.0	6832451.0	1079219592.0	2702696.0	+0.001631	0.008009	0.050000	false
aa-2	irreducible/256/base	emission_exclusive	15	1067717064.0	7192250.0	1072312013.0	2761946.0	+0.001745	0.007800	0.050000	false
aa-2	irreducible/256/base	ir	15	651141.0	3056.0	657102.0	3226.0	+0.006705	0.007052	0.050000	false
aa-2	irreducible/256/base	serialization	15	5157652.0	160675.0	5083261.0	42490.0	-0.009088	0.029762	0.089285	false
aa-2	irreducible/64/base	cfg	15	89239.0	1133.0	89058.0	1352.0	-0.005647	0.014476	0.050000	false
aa-2	irreducible/64/base	combined	15	372221509.0	1776517.0	376361582.0	2247159.0	+0.006850	0.015245	0.050000	false
aa-2	irreducible/64/base	emission_exclusive	15	367208842.0	1727454.0	371396885.0	2118877.0	+0.007563	0.015588	0.050000	false
aa-2	irreducible/64/base	ir	15	117191.0	1012.0	117893.0	1363.0	-0.000082	0.016442	0.050000	false
aa-2	irreducible/64/base	serialization	15	4802801.0	72809.0	4654490.0	137439.0	-0.017373	0.033633	0.100900	false
aa-2	linear/1024/base	cfg	15	22932668.0	99429.0	22920124.0	141147.0	+0.000881	0.008935	0.050000	false
aa-2	linear/1024/base	combined	15	98898073.0	581175.0	100194763.0	829985.0	+0.013498	0.014044	0.050000	false
aa-2	linear/1024/base	emission_exclusive	15	51536581.0	353480.0	53398210.0	584945.0	+0.037806	0.012301	0.050000	false
aa-2	linear/1024/base	ir	15	5660052.0	107182.0	5780530.0	224115.0	+0.005680	0.032055	0.096165	false
aa-2	linear/1024/base	serialization	15	18915723.0	412071.0	18384540.0	336074.0	-0.023825	0.019793	0.059378	false
aa-2	linear/1024/heavy	cfg	15	21622060.0	219155.0	21808591.0	148842.0	+0.007959	0.012245	0.050000	false
aa-2	linear/1024/heavy	combined	15	274705672.0	1816288.0	278363019.0	3912789.0	+0.011720	0.013956	0.050000	false
aa-2	linear/1024/heavy	emission_exclusive	15	160635536.0	2290194.0	165160995.0	2413060.0	+0.018968	0.025227	0.075682	false
aa-2	linear/1024/heavy	ir	15	26461100.0	78680.0	26622026.0	165622.0	+0.006474	0.007048	0.050000	false
aa-2	linear/1024/heavy	serialization	15	67008072.0	1991029.0	66257020.0	1444537.0	-0.002168	0.014961	0.050000	false
aa-2	linear/1024/light	cfg	15	21846796.0	212692.0	21914925.0	325275.0	-0.003572	0.020345	0.061036	false
aa-2	linear/1024/light	combined	15	103639893.0	914471.0	105950704.0	1174005.0	+0.013936	0.007689	0.050000	false
aa-2	linear/1024/light	emission_exclusive	15	56194593.0	477710.0	57983226.0	893740.0	+0.031588	0.015711	0.050000	false
aa-2	linear/1024/light	ir	15	6857344.0	117164.0	7028920.0	65904.0	+0.018428	0.022538	0.067613	false
aa-2	linear/1024/light	serialization	15	18804694.0	681881.0	18734130.0	645451.0	+0.000012	0.036692	0.110076	false
aa-2	linear/256/base	cfg	15	1423671.0	7123.0	1436897.0	19738.0	+0.002355	0.014433	0.050000	false
aa-2	linear/256/base	combined	15	19581022.0	113987.0	20045741.0	261196.0	+0.018111	0.009328	0.050000	false
aa-2	linear/256/base	emission_exclusive	15	12915809.0	113455.0	13367284.0	129063.0	+0.021322	0.013472	0.050000	false
aa-2	linear/256/base	ir	15	613951.0	4529.0	617698.0	4508.0	+0.002384	0.006450	0.050000	false
aa-2	linear/256/base	serialization	15	4556505.0	43171.0	4619354.0	97534.0	+0.004409	0.035717	0.107150	false
aa-2	linear/256/heavy	cfg	15	1113075.0	7695.0	1119907.0	9047.0	+0.005080	0.009694	0.050000	false
aa-2	linear/256/heavy	combined	15	60102607.0	354652.0	60962643.0	658922.0	+0.013471	0.013136	0.050000	false
aa-2	linear/256/heavy	emission_exclusive	15	39721590.0	371651.0	41030415.0	673634.0	+0.025329	0.017955	0.053866	false
aa-2	linear/256/heavy	ir	15	2772080.0	34053.0	2809121.0	19678.0	+0.014040	0.010201	0.050000	false
aa-2	linear/256/heavy	serialization	15	16275210.0	270401.0	16214426.0	422909.0	-0.005571	0.034377	0.103132	false
aa-2	linear/256/light	cfg	15	1274179.0	18936.0	1283386.0	18925.0	-0.002281	0.015449	0.050000	false
aa-2	linear/256/light	combined	15	20620287.0	160455.0	21057482.0	300770.0	+0.012141	0.010960	0.050000	false
aa-2	linear/256/light	emission_exclusive	15	14022481.0	170263.0	14493243.0	138713.0	+0.021014	0.015875	0.050000	false
aa-2	linear/256/light	ir	15	696747.0	2895.0	699312.0	1422.0	+0.003681	0.009440	0.050000	false
aa-2	linear/256/light	serialization	15	4635103.0	109697.0	4630645.0	162267.0	-0.019711	0.029353	0.088058	false
aa-2	linear/64/base	cfg	15	115628.0	1813.0	117723.0	4188.0	-0.001548	0.030291	0.090874	false
aa-2	linear/64/base	combined	15	4893883.0	30379.0	4935702.0	15389.0	+0.011181	0.005776	0.050000	false
aa-2	linear/64/base	emission_exclusive	15	3430326.0	23264.0	3491762.0	16763.0	+0.019219	0.006000	0.050000	false
aa-2	linear/64/base	ir	15	140626.0	2384.0	140686.0	3627.0	+0.000942	0.028002	0.084006	false
aa-2	linear/64/base	serialization	15	1192064.0	4098.0	1160675.0	13175.0	-0.023488	0.013864	0.050000	false
aa-2	linear/64/heavy	cfg	15	89970.0	851.0	89990.0	571.0	-0.000011	0.008720	0.050000	false
aa-2	linear/64/heavy	combined	15	14948543.0	105549.0	15083489.0	93196.0	+0.006658	0.007612	0.050000	false
aa-2	linear/64/heavy	emission_exclusive	15	10207068.0	117803.0	10386707.0	38651.0	+0.021678	0.006001	0.050000	false
aa-2	linear/64/heavy	ir	15	475870.0	6652.0	472183.0	6021.0	-0.003004	0.017198	0.051595	false
aa-2	linear/64/heavy	serialization	15	4151899.0	16390.0	4155907.0	133832.0	-0.004951	0.042477	0.127432	false
aa-2	linear/64/light	cfg	15	88908.0	872.0	88638.0	391.0	-0.007537	0.012610	0.050000	false
aa-2	linear/64/light	combined	15	5034699.0	33874.0	5071569.0	20649.0	+0.007323	0.009581	0.050000	false
aa-2	linear/64/light	emission_exclusive	15	3611528.0	28375.0	3662895.0	17083.0	+0.014223	0.009524	0.050000	false
aa-2	linear/64/light	ir	15	127101.0	1784.0	126179.0	2054.0	+0.006879	0.018545	0.055635	false
aa-2	linear/64/light	serialization	15	1197183.0	3096.0	1191322.0	24255.0	-0.019408	0.014158	0.050000	false
aa-2	multi-exit/1024/base	cfg	15	12314804.0	114456.0	12206468.0	214186.0	-0.021371	0.033887	0.101661	false
aa-2	multi-exit/1024/base	combined	15	896432136.0	1936226.0	904569270.0	3893490.0	+0.008518	0.003720	0.050000	false
aa-2	multi-exit/1024/base	emission_exclusive	15	875701533.0	2234231.0	884692332.0	3529380.0	+0.011398	0.004383	0.050000	false
aa-2	multi-exit/1024/base	ir	15	6856373.0	89889.0	6873045.0	62969.0	-0.009082	0.017675	0.053024	false
aa-2	multi-exit/1024/base	serialization	15	1847854.0	10570.0	1844137.0	8526.0	+0.001611	0.004648	0.050000	false
aa-2	multi-exit/256/base	cfg	15	561301.0	5741.0	562403.0	5511.0	+0.010129	0.042847	0.128540	false
aa-2	multi-exit/256/base	combined	15	112381755.0	305161.0	113853403.0	457234.0	+0.015557	0.004585	0.050000	false
aa-2	multi-exit/256/base	emission_exclusive	15	110194379.0	348503.0	111685454.0	460061.0	+0.015793	0.005142	0.050000	false
aa-2	multi-exit/256/base	ir	15	671940.0	4599.0	679815.0	7824.0	+0.012466	0.011715	0.050000	false
aa-2	multi-exit/256/base	serialization	15	952491.0	14327.0	929818.0	2475.0	-0.016632	0.012523	0.050000	false
aa-2	multi-exit/64/base	cfg	15	81985.0	2435.0	80192.0	1202.0	-0.007209	0.026654	0.079962	false
aa-2	multi-exit/64/base	combined	15	31132552.0	427557.0	31439955.0	187639.0	+0.007707	0.018537	0.055611	false
aa-2	multi-exit/64/base	emission_exclusive	15	25288632.0	223073.0	25778440.0	129445.0	+0.011225	0.012908	0.050000	false
aa-2	multi-exit/64/base	ir	15	118895.0	1613.0	118714.0	1242.0	-0.017093	0.012502	0.050000	false
aa-2	multi-exit/64/base	serialization	15	5685770.0	167758.0	5523994.0	96803.0	-0.028664	0.037834	0.113501	false
aa-2	nested-loop/1024/base	cfg	15	40373331.0	132815.0	40298883.0	79833.0	-0.009000	0.010546	0.050000	false
aa-2	nested-loop/1024/base	combined	15	124587759.0	1167977.0	125812163.0	723711.0	-0.003344	0.014274	0.050000	false
aa-2	nested-loop/1024/base	emission_exclusive	15	58472654.0	489610.0	59445008.0	272602.0	+0.017428	0.009493	0.050000	false
aa-2	nested-loop/1024/base	ir	15	5581732.0	93104.0	5766753.0	144843.0	+0.007216	0.034160	0.102479	false
aa-2	nested-loop/1024/base	serialization	15	20433785.0	470427.0	20062792.0	295650.0	+0.000004	0.037389	0.112168	false
aa-2	nested-loop/256/base	cfg	15	2272316.0	15770.0	2279329.0	14266.0	+0.001289	0.002647	0.050000	false
aa-2	nested-loop/256/base	combined	15	22906289.0	228794.0	23057855.0	182804.0	+0.004302	0.014202	0.050000	false
aa-2	nested-loop/256/base	emission_exclusive	15	14876256.0	123404.0	15073328.0	123013.0	+0.014553	0.016345	0.050000	false
aa-2	nested-loop/256/base	ir	15	620934.0	4408.0	620483.0	3858.0	+0.001211	0.007076	0.050000	false
aa-2	nested-loop/256/base	serialization	15	5045560.0	140146.0	5071258.0	97344.0	-0.017749	0.024842	0.074526	false
aa-2	nested-loop/64/base	cfg	15	182164.0	1492.0	183818.0	1504.0	+0.009080	0.012719	0.050000	false
aa-2	nested-loop/64/base	combined	15	5569269.0	53700.0	5618884.0	44033.0	+0.008824	0.010408	0.050000	false
aa-2	nested-loop/64/base	emission_exclusive	15	3968914.0	29465.0	4001275.0	25307.0	+0.008698	0.007375	0.050000	false
aa-2	nested-loop/64/base	ir	15	112904.0	561.0	114196.0	1322.0	+0.009842	0.014976	0.050000	false
aa-2	nested-loop/64/base	serialization	15	1294788.0	20609.0	1301721.0	35577.0	-0.003280	0.018029	0.054087	false
aa-2	no-exit/1024/base	cfg	15	27926150.0	80951.0	27763813.0	144691.0	-0.007599	0.013795	0.050000	false
aa-2	no-exit/1024/base	combined	15	109466820.0	814169.0	109584338.0	837720.0	+0.001241	0.009199	0.050000	false
aa-2	no-exit/1024/base	emission_exclusive	15	56249550.0	396793.0	57148070.0	602625.0	+0.015877	0.012928	0.050000	false
aa-2	no-exit/1024/base	ir	15	5682594.0	56968.0	5775881.0	125417.0	+0.014865	0.019850	0.059551	false
aa-2	no-exit/1024/base	serialization	15	19552417.0	305559.0	19229275.0	416064.0	-0.018219	0.022627	0.067880	false
aa-2	no-exit/256/base	cfg	15	1507149.0	5269.0	1502701.0	6272.0	+0.000915	0.004713	0.050000	false
aa-2	no-exit/256/base	combined	15	21003179.0	93936.0	21183511.0	82727.0	+0.005479	0.005328	0.050000	false
aa-2	no-exit/256/base	emission_exclusive	15	13973088.0	111331.0	14238240.0	69441.0	+0.017997	0.005334	0.050000	false
aa-2	no-exit/256/base	ir	15	627146.0	4108.0	622727.0	4680.0	-0.000470	0.008266	0.050000	false
aa-2	no-exit/256/base	serialization	15	4907638.0	48071.0	4800146.0	52630.0	-0.021903	0.018844	0.056532	false
aa-2	no-exit/64/base	cfg	15	120077.0	942.0	120998.0	1223.0	+0.003172	0.011100	0.050000	false
aa-2	no-exit/64/base	combined	15	5104772.0	46618.0	5137423.0	15199.0	+0.005085	0.008662	0.050000	false
aa-2	no-exit/64/base	emission_exclusive	15	3609705.0	48522.0	3677303.0	21350.0	+0.018107	0.010124	0.050000	false
aa-2	no-exit/64/base	ir	15	112964.0	1021.0	113664.0	1023.0	+0.001872	0.011180	0.050000	false
aa-2	no-exit/64/base	serialization	15	1245995.0	13745.0	1232511.0	24856.0	-0.026157	0.018573	0.055719	false
