case	phase	allocation_count	total_allocated_bytes	peak_live_bytes	process_peak_rss_bytes
linear/64/base	ir	3026	240174	167625	85962752
linear/64/base	cfg	578	304344	119680	85962752
linear/64/base	emission_exclusive	140320	2333955	48350	85962752
linear/64/base	serialization	12094	341915	131072	85962752
linear/64/base	combined	156018	3220388	222639	85962752
linear/64/light	ir	3433	258352	184650	85962752
linear/64/light	cfg	578	304344	119680	85962752
linear/64/light	emission_exclusive	156247	2546522	47880	85962752
linear/64/light	serialization	12094	341531	131072	85962752
linear/64/light	combined	172352	3450749	224337	85962752
linear/64/heavy	ir	9640	916241	628651	85962752
linear/64/heavy	cfg	578	304344	119680	85962752
linear/64/heavy	emission_exclusive	326930	8185691	95590	85962752
linear/64/heavy	serialization	12096	1167973	524288	85962752
linear/64/heavy	combined	349244	10574249	862487	85962752
linear/256/base	ir	12103	966351	674713	85962752
linear/256/base	cfg	2192	4461400	1731712	85962752
linear/256/base	emission_exclusive	556103	9203732	188687	85962752
linear/256/base	serialization	47424	1346537	524288	85962752
linear/256/base	combined	617822	15978020	2089531	85962752
linear/256/light	ir	13724	1036945	740698	85962752
linear/256/light	cfg	2192	4461400	1731712	85962752
linear/256/light	emission_exclusive	620661	10073862	186921	85962752
linear/256/light	serialization	47424	1345097	524288	85962752
linear/256/light	combined	684001	16917304	2097087	85962752
linear/256/heavy	ir	38556	3669938	2518139	85962752
linear/256/heavy	cfg	2192	4461400	1731712	85962752
linear/256/heavy	emission_exclusive	1299774	32591722	375319	85962752
linear/256/heavy	serialization	47426	4650931	2097152	85962752
linear/256/heavy	combined	1387948	45373991	3449847	85962752
linear/1024/base	ir	48405	3878552	2702361	85962752
linear/1024/base	cfg	8608	69749632	26980480	85962752
linear/1024/base	emission_exclusive	2219201	36716678	750512	85962752
linear/1024/base	serialization	188738	5365343	2097152	85962752
linear/1024/base	combined	2464952	115710205	28407838	85962752
linear/1024/light	ir	54890	4161114	2966490	85962752
linear/1024/light	cfg	8608	69749632	26980480	85962752
linear/1024/light	emission_exclusive	2478278	40218288	743578	85962752
linear/1024/light	serialization	188738	5359679	2097152	85962752
linear/1024/light	combined	2730514	119488713	28438066	85962752
linear/1024/heavy	ir	154218	14692987	10076155	85962752
linear/1024/heavy	cfg	8608	69749632	26980480	85962752
linear/1024/heavy	emission_exclusive	5191247	130267953	1494728	85962752
linear/1024/heavy	serialization	188740	18583081	8388608	85962752
linear/1024/heavy	combined	5542813	233293653	32036915	85962752
diamond-chain/64/base	ir	3032	241429	167673	85962752
diamond-chain/64/base	cfg	810	275464	104864	85962752
diamond-chain/64/base	emission_exclusive	230505	3716108	87320	85962752
diamond-chain/64/base	serialization	17982	373065	131072	85962752
diamond-chain/64/base	combined	252329	4606066	223469	85962752
diamond-chain/64/light	ir	3439	259607	184698	85962752
diamond-chain/64/light	cfg	810	275464	104864	85962752
diamond-chain/64/light	emission_exclusive	249843	3985844	86925	85962752
diamond-chain/64/light	serialization	17982	372681	131072	85962752
diamond-chain/64/light	combined	272074	4893596	225167	85962752
diamond-chain/64/heavy	ir	9646	917496	628699	85962752
diamond-chain/64/heavy	cfg	810	275464	104864	85962752
diamond-chain/64/heavy	emission_exclusive	507358	11151661	163887	85962752
diamond-chain/64/heavy	serialization	17984	1199123	524288	85962752
diamond-chain/64/heavy	combined	535798	13543744	863317	85962752
diamond-chain/256/base	ir	12113	971734	674905	85962752
diamond-chain/256/base	cfg	3564	3979528	1487648	85962752
diamond-chain/256/base	emission_exclusive	914694	14702968	344408	85962752
diamond-chain/256/base	serialization	70976	1471095	524288	85962752
diamond-chain/256/base	combined	1001347	21125325	1845696	85962752
diamond-chain/256/light	ir	13734	1042328	740890	85962752
diamond-chain/256/light	cfg	3564	3979528	1487648	85962752
diamond-chain/256/light	emission_exclusive	993333	15807531	342957	85962752
diamond-chain/256/light	serialization	70976	1469655	524288	85962752
diamond-chain/256/light	combined	1081607	22299042	1853252	85962752
diamond-chain/256/heavy	ir	38566	3675321	2518331	85962752
diamond-chain/256/heavy	cfg	3564	3979528	1487648	85962752
diamond-chain/256/heavy	emission_exclusive	2021742	44460119	648367	85962752
diamond-chain/256/heavy	serialization	70978	4775489	2097152	85962752
diamond-chain/256/heavy	combined	2134850	56890457	3453077	85962752
diamond-chain/1024/base	ir	48419	3900447	2703129	85962752
diamond-chain/1024/base	cfg	16064	61950768	23054624	85962752
diamond-chain/1024/base	emission_exclusive	3651396	58684438	1373357	85962752
diamond-chain/1024/base	serialization	282946	5863533	2097152	85962752
diamond-chain/1024/base	combined	3998825	130399186	24482787	85962752
diamond-chain/1024/light	ir	54904	4183009	2967258	85962752
diamond-chain/1024/light	cfg	16064	61950768	23054624	85962752
diamond-chain/1024/light	emission_exclusive	3967243	63129985	1367682	85962752
diamond-chain/1024/light	serialization	282946	5857869	2097152	85962752
diamond-chain/1024/light	combined	4321157	135121631	24512999	85962752
diamond-chain/1024/heavy	ir	154232	14714882	10076923	85962752
diamond-chain/1024/heavy	cfg	16064	61950768	23054624	85962752
diamond-chain/1024/heavy	emission_exclusive	8079364	177746698	2586884	85962752
diamond-chain/1024/heavy	serialization	282948	19081271	8388608	85962752
diamond-chain/1024/heavy	combined	8532608	273493619	28111848	85962752
fan-in/64/base	ir	3035	243042	169315	85962752
fan-in/64/base	cfg	826	258144	120044	85962752
fan-in/64/base	emission_exclusive	373258	8604845	231955	85962752
fan-in/64/base	serialization	23502	433675	131072	85962752
fan-in/64/base	combined	400621	9539706	324978	85962752
fan-in/256/base	ir	12144	978787	682323	85962752
fan-in/256/base	cfg	3208	3541152	1733228	85962752
fan-in/256/base	emission_exclusive	3815931	73396294	971045	85962752
fan-in/256/base	serialization	169875	2040148	524288	85962752
fan-in/256/base	combined	4001158	79956381	2093817	85962752
fan-in/1024/base	ir	48575	3929268	2733659	85962752
fan-in/1024/base	cfg	12696	54274184	26986604	85962752
fan-in/1024/base	emission_exclusive	33440760	609147509	3101043	85962752
fan-in/1024/base	serialization	520489	7222939	2097152	85962752
fan-in/1024/base	combined	34022520	674573900	28425180	85962752
nested-loop/64/base	ir	3028	240359	167767	85962752
nested-loop/64/base	cfg	751	454140	119256	85962752
nested-loop/64/base	emission_exclusive	157413	2749393	54254	85962752
nested-loop/64/base	serialization	13198	348803	131072	85962752
nested-loop/64/base	combined	174390	3792695	223364	85962752
nested-loop/256/base	ir	12105	966536	674855	85962752
nested-loop/256/base	cfg	2815	6823004	1729560	85962752
nested-loop/256/base	emission_exclusive	605844	10579866	202691	85962752
nested-loop/256/base	serialization	48528	1356497	524288	85962752
nested-loop/256/base	combined	669292	19725903	2087448	85962752
nested-loop/1024/base	ir	48407	3878737	2702503	85962752
nested-loop/1024/base	cfg	11027	107500468	26971416	85962752
nested-loop/1024/base	emission_exclusive	2399508	41935632	796916	85962752
nested-loop/1024/base	serialization	189842	5387591	2097152	85962752
nested-loop/1024/base	combined	2648784	158702428	28398843	85962752
multi-exit/64/base	ir	3014	242868	169285	85962752
multi-exit/64/base	cfg	972	263832	116400	85962752
multi-exit/64/base	emission_exclusive	1056234	21179160	349884	85962752
multi-exit/64/base	serialization	46594	569880	131072	85962752
multi-exit/64/base	combined	1106814	22255740	445787	85962752
multi-exit/256/base	ir	12119	977717	681397	85962752
multi-exit/256/base	cfg	3906	3567720	1718448	85962752
multi-exit/256/base	emission_exclusive	5473227	103181410	991497	85962752
multi-exit/256/base	serialization	175763	2079434	524288	85962752
multi-exit/256/base	combined	5665015	109806281	2078813	85962752
multi-exit/1024/base	ir	48549	3928190	2732725	85962752
multi-exit/1024/base	cfg	15576	54383152	26927280	85962752
multi-exit/1024/base	emission_exclusive	39121872	716049058	3127837	85962752
multi-exit/1024/base	serialization	520489	7238547	2097152	85962752
multi-exit/1024/base	combined	39706486	781598947	28365632	85962752
no-exit/64/base	ir	3036	240455	167832	85962752
no-exit/64/base	cfg	384	163600	84740	85962752
no-exit/64/base	emission_exclusive	145241	2458282	49252	85962752
no-exit/64/base	serialization	12278	343391	131072	85962752
no-exit/64/base	combined	160939	3205728	222996	85962752
no-exit/256/base	ir	12113	966632	674920	85962752
no-exit/256/base	cfg	1448	2273808	1223492	85962752
no-exit/256/base	emission_exclusive	576964	9713330	191555	85962752
no-exit/256/base	serialization	47608	1349547	524288	85962752
no-exit/256/base	combined	638133	14303317	1581395	85962752
no-exit/1024/base	ir	48415	3878833	2702568	85962752
no-exit/1024/base	cfg	5683	35044704	19049540	85962752
no-exit/1024/base	emission_exclusive	2303807	38767095	761266	85962752
no-exit/1024/base	serialization	188922	5374495	2097152	85962752
no-exit/1024/base	combined	2546827	83065127	20476998	85962752
irreducible/64/base	ir	3032	242131	167769	85962752
irreducible/64/base	cfg	690	172656	85084	85962752
irreducible/64/base	emission_exclusive	20020229	375784667	9142101	85962752
irreducible/64/base	serialization	2739433	16602620	1274378	85962752
irreducible/64/base	combined	22763384	392802074	9226959	85962752
irreducible/256/base	ir	12113	974548	675289	85962752
irreducible/256/base	cfg	3426	2506960	1224988	85962752
irreducible/256/base	emission_exclusive	50819701	725385884	13755544	85962752
irreducible/256/base	serialization	3945831	24608381	1848383	85962752
irreducible/256/base	combined	54781071	753475773	14095163	85962752
irreducible/1024/base	ir	48419	3911709	2704665	85962752
irreducible/1024/base	cfg	16652	38975896	19055644	85962752
irreducible/1024/base	emission_exclusive	121424912	1391417221	17463088	85962752
irreducible/1024/base	serialization	5140545	34956339	2443239	85962752
irreducible/1024/base	combined	126630528	1469261165	20485337	85962752
