function	whole_run_markers	replay_markers	replay_unresolved_cf	pseudocode_identical	exit
00021_sub_608918.dartpseudo	2	2	2	true	1
00024_sub_608d7c.dartpseudo	2	2	2	true	1
00030_sub_60943c.dartpseudo	2	2	2	true	1
00033_sub_60963c.dartpseudo	2	2	2	true	1
00043_sub_60a14c.dartpseudo	2	2	2	true	1
00071_sub_60cc80.dartpseudo	10	10	10	true	1
00096_sub_60f780.dartpseudo	2	2	2	true	1
00124_sub_61507c.dartpseudo	2	2	2	true	1
00136_sub_6164e4.dartpseudo	2	2	2	true	1
00140_sub_6167e8.dartpseudo	2	2	2	true	1
00146_sub_6172e0.dartpseudo	14	14	14	true	1
00197_sub_627f10.dartpseudo	18	18	18	true	1
00225_sub_62cc80.dartpseudo	2	2	2	true	1
00296_sub_633310.dartpseudo	2	2	2	true	1
00299_sub_6333bc.dartpseudo	2	2	2	true	1
00324_sub_6359c0.dartpseudo	2	2	2	true	1
00349_sub_638590.dartpseudo	2	2	2	true	1
00358_sub_63a2bc.dartpseudo	2	2	2	true	1
00392_sub_64711c.dartpseudo	2	2	2	true	1
00393_sub_647158.dartpseudo	2	2	2	true	1
00395_sub_6471e4.dartpseudo	10	10	10	true	1
00402_sub_647a78.dartpseudo	2	2	2	true	1
00448_sub_64e8e8.dartpseudo	10	10	10	true	1
00451_sub_64f1ac.dartpseudo	2	2	2	true	1
00462_sub_6503e0.dartpseudo	2	2	2	true	1
00465_sub_6516f8.dartpseudo	2	2	2	true	1
00466_sub_65228c.dartpseudo	2	2	2	true	1
00468_sub_65358c.dartpseudo	1	1	1	true	1
00508_sub_65a240.dartpseudo	5	5	5	true	1
00509_sub_65a340.dartpseudo	2	2	2	true	1
00533_sub_65d318.dartpseudo	2	2	2	true	1
00599_sub_66eb74.dartpseudo	2	2	2	true	1
00600_sub_66eb9c.dartpseudo	2	2	2	true	1
00622_sub_670a78.dartpseudo	5	5	5	true	1
00656_sub_674bb4.dartpseudo	5	5	5	true	1
00668_sub_6757dc.dartpseudo	2	2	2	true	1
00669_sub_675804.dartpseudo	4	4	4	true	1
00677_sub_677ea8.dartpseudo	2	2	2	true	1
00681_sub_678288.dartpseudo	2	2	2	true	1
00683_sub_678744.dartpseudo	2	2	2	true	1
00686_sub_679ad0.dartpseudo	2	2	2	true	1
00695_sub_67b5f4.dartpseudo	2	2	2	true	1
00699_sub_67ba54.dartpseudo	2	2	2	true	1
00724_sub_67e90c.dartpseudo	2	2	2	true	1
00736_sub_680478.dartpseudo	5	5	5	true	1
00779_sub_689ca4.dartpseudo	2	2	2	true	1
00797_sub_68b34c.dartpseudo	2	2	2	true	1
00800_sub_68b648.dartpseudo	2	2	2	true	1
00802_sub_68b8a0.dartpseudo	2	2	2	true	1
00804_sub_68bb60.dartpseudo	2	2	2	true	1
00806_sub_68c1f0.dartpseudo	50	50	50	true	1
00811_sub_68c6fc.dartpseudo	2	2	2	true	1
00813_sub_68d49c.dartpseudo	10	10	10	true	1
00822_sub_68e600.dartpseudo	2	2	2	true	1
00830_sub_6912a4.dartpseudo	2	2	2	true	1
00842_sub_693758.dartpseudo	2	2	2	true	1
00851_sub_695e54.dartpseudo	2	2	2	true	1
00855_sub_6961cc.dartpseudo	2	2	2	true	1
00860_sub_696734.dartpseudo	4	17	8	false	1
00884_sub_69a9f8.dartpseudo	2	2	2	true	1
01031_sub_6aee04.dartpseudo	2	2	2	true	1
01032_sub_6aeef4.dartpseudo	2	2	2	true	1
01044_sub_6afd7c.dartpseudo	2	2	2	true	1
01067_sub_6b30b4.dartpseudo	2	2	2	true	1
01072_sub_6b373c.dartpseudo	2	2	2	true	1
01123_sub_6bb30c.dartpseudo	2	2	2	true	1
01126_sub_6bb5d0.dartpseudo	2	2	2	true	1
01134_sub_6bd680.dartpseudo	2	2	2	true	1
01168_sub_6c1b28.dartpseudo	2	2	2	true	1
01183_sub_6c3c24.dartpseudo	1	1	1	true	1
01194_sub_6c73e4.dartpseudo	2	2	2	true	1
01195_sub_6c74e0.dartpseudo	2	2	2	true	1
01244_sub_6d1d6c.dartpseudo	2	2	2	true	1
01292_sub_6ddfc4.dartpseudo	2	2	2	true	1
01300_sub_6df29c.dartpseudo	2	2	2	true	1
01347_sub_6e54c4.dartpseudo	1	1	1	true	1
01362_sub_6eb1f4.dartpseudo	2	2	2	true	1
01537_sub_7725dc.dartpseudo	2	2	2	true	1
01538_sub_772604.dartpseudo	2	2	2	true	1
01539_sub_7726b4.dartpseudo	2	2	2	true	1
01540_sub_772c00.dartpseudo	18	18	18	true	1
01620_sub_7bdb68.dartpseudo	2	2	2	true	1
01701_sub_7c94a8.dartpseudo	10	10	10	true	1
01702_sub_7c96b4.dartpseudo	10	10	10	true	1
01703_sub_7c98c0.dartpseudo	10	10	10	true	1
01708_sub_7cbe74.dartpseudo	18	18	18	true	1
01709_sub_7cbfd4.dartpseudo	18	18	18	true	1
01710_sub_7cc134.dartpseudo	18	18	18	true	1
01711_sub_7cc294.dartpseudo	18	18	18	true	1
01722_sub_7cf1e4.dartpseudo	2	2	2	true	1
01723_sub_7cf2b0.dartpseudo	2	2	2	true	1
01814_sub_7e65b8.dartpseudo	2	2	2	true	1
01817_sub_7e72e0.dartpseudo	2	2	2	true	1
01929_sub_7fd8a8.dartpseudo	2	2	2	true	1
02145_sub_8255f0.dartpseudo	2	2	2	true	1
02146_sub_825614.dartpseudo	2	2	2	true	1
02227_sub_831eac.dartpseudo	2	2	2	true	1
02500_sub_88160c.dartpseudo	2	2	2	true	1
02546_sub_89002c.dartpseudo	1	1	1	true	1
02859_sub_8f4e40.dartpseudo	4	4	4	true	1
03630_sub_9b4170.dartpseudo	2	2	2	true	1
03859_sub_9e436c.dartpseudo	2	2	2	true	1
03885_sub_9eff58.dartpseudo	2	2	2	true	1
03959_sub_a037a4.dartpseudo	2	2	2	true	1
03983_sub_a0d0d4.dartpseudo	2	2	2	true	1
03996_sub_a11228.dartpseudo	1	1	1	true	1
04109_sub_a36bd4.dartpseudo	2	2	2	true	1
04172_sub_a4d938.dartpseudo	1	1	1	true	1
04243_sub_a6c928.dartpseudo	1	1	1	true	1
04254_sub_a70120.dartpseudo	2	2	2	true	1
04346_sub_a89ac4.dartpseudo	2	2	2	true	1
04347_sub_a89be0.dartpseudo	2	2	2	true	1
04361_sub_a8ee1c.dartpseudo	2	2	2	true	1
04616_sub_b118b0.dartpseudo	2	2	2	true	1
04632_sub_b189b4.dartpseudo	2	2	2	true	1
04633_sub_b18bb0.dartpseudo	2	2	2	true	1
04687_sub_b3e0e4.dartpseudo	8	8	8	true	1
04688_sub_b3e240.dartpseudo	10	10	10	true	1
04987_sub_ba97f8.dartpseudo	18	18	18	true	1
05714_sub_d4f8c0.dartpseudo	1	1	1	true	1
05715_sub_d4f8d8.dartpseudo	1	1	1	true	1
05741_sub_d50a6c.dartpseudo	1	1	1	true	1
05785_sub_d5630c.dartpseudo	2	2	2	true	1
05786_sub_d5632c.dartpseudo	2	2	2	true	1
05787_sub_d56350.dartpseudo	2	2	2	true	1
05788_sub_d56370.dartpseudo	2	2	2	true	1
05789_sub_d56390.dartpseudo	2	2	2	true	1
05790_sub_d563b0.dartpseudo	2	2	2	true	1
05791_sub_d563dc.dartpseudo	2	2	2	true	1
05792_sub_d56a6c.dartpseudo	1	1	1	true	1
05793_sub_d56aa8.dartpseudo	1	1	1	true	1
05794_sub_d56ad8.dartpseudo	1	1	1	true	1
05795_sub_d71554.dartpseudo	2	2	2	true	1
05796_sub_d71584.dartpseudo	2	2	2	true	1
05797_sub_d715cc.dartpseudo	1	1	1	true	1
05798_sub_d71b08.dartpseudo	2	2	2	true	1
05799_sub_d71b54.dartpseudo	2	2	2	true	1
